-- --------------------------------------------------------
-- Host:                         127.0.0.1
-- Server version:               8.0.30 - MySQL Community Server - GPL
-- Server OS:                    Win64
-- HeidiSQL Version:             12.1.0.6537
-- --------------------------------------------------------

/*!40101 SET @OLD_CHARACTER_SET_CLIENT=@@CHARACTER_SET_CLIENT */;
/*!40101 SET NAMES utf8 */;
/*!50503 SET NAMES utf8mb4 */;
/*!40103 SET @OLD_TIME_ZONE=@@TIME_ZONE */;
/*!40103 SET TIME_ZONE='+00:00' */;
/*!40014 SET @OLD_FOREIGN_KEY_CHECKS=@@FOREIGN_KEY_CHECKS, FOREIGN_KEY_CHECKS=0 */;
/*!40101 SET @OLD_SQL_MODE=@@SQL_MODE, SQL_MODE='NO_AUTO_VALUE_ON_ZERO' */;
/*!40111 SET @OLD_SQL_NOTES=@@SQL_NOTES, SQL_NOTES=0 */;


-- Dumping database structure for model_test_db
CREATE DATABASE IF NOT EXISTS `model_test_db` /*!40100 DEFAULT CHARACTER SET utf8mb4 COLLATE utf8mb4_0900_ai_ci */ /*!80016 DEFAULT ENCRYPTION='N' */;
USE `model_test_db`;

-- Dumping structure for table model_test_db.access_level
CREATE TABLE IF NOT EXISTS `access_level` (
  `id` int unsigned NOT NULL AUTO_INCREMENT,
  `access_level` varchar(100) CHARACTER SET utf8mb4 COLLATE utf8mb4_0900_ai_ci NOT NULL,
  `office` varchar(100) CHARACTER SET utf8mb4 COLLATE utf8mb4_0900_ai_ci NOT NULL,
  PRIMARY KEY (`id`)
) ENGINE=InnoDB AUTO_INCREMENT=2 DEFAULT CHARSET=utf8mb4 COLLATE=utf8mb4_0900_ai_ci;

-- Dumping data for table model_test_db.access_level: ~0 rows (approximately)
INSERT INTO `access_level` (`id`, `access_level`, `office`) VALUES
	(1, 'Administrator', '');

-- Dumping structure for table model_test_db.activity_logger
CREATE TABLE IF NOT EXISTS `activity_logger` (
  `id` int unsigned NOT NULL AUTO_INCREMENT,
  `name` varchar(100) NOT NULL,
  `access_level` varchar(100) NOT NULL,
  `activity` varchar(100) NOT NULL,
  `date` varchar(100) NOT NULL,
  `time` varchar(100) NOT NULL,
  PRIMARY KEY (`id`)
) ENGINE=InnoDB AUTO_INCREMENT=169 DEFAULT CHARSET=utf8mb4 COLLATE=utf8mb4_0900_ai_ci;

-- Dumping data for table model_test_db.activity_logger: ~11 rows (approximately)
INSERT INTO `activity_logger` (`id`, `name`, `access_level`, `activity`, `date`, `time`) VALUES
	(1, 'Registrar, Administrator ', 'Administrator', 'Add: Bachelor of Science in Nursing 2021-2022', '00-16-2024', '03:00:55 pm'),
	(2, 'Registrar, Administrator ', 'Administrator', 'Edit: Bachelor of Science in Nursing Curriculum 2021-2022', '01-16-2024', '03:01:13 pm'),
	(3, 'Registrar, Administrator ', 'Administrator', 'Section Edit: BSCA-1-', '16-17-2024', '02:16:01 pm'),
	(4, 'Registrar, Administrator ', 'Administrator', 'Section Edit: BSCA-1-', '16-17-2024', '02:16:12 pm'),
	(5, 'Registrar, Administrator ', 'Administrator', 'Section Edit: BSCA-1-A', '16-17-2024', '02:16:27 pm'),
	(6, 'Registrar, Administrator ', 'Administrator', 'Course Add: STEM', '01-17-2024', '04:01:49 pm'),
	(7, 'Registrar, Administrator ', 'Administrator', 'Deleted All Curriculum: STEM', '03-17-2024', '04:03:17 pm'),
	(8, 'Registrar, Administrator ', 'Administrator', 'Deleted All Curriculum: STEM', '04-17-2024', '04:04:04 pm'),
	(9, 'Registrar, Administrator ', 'Administrator', 'Deleted All Curriculum: STEM', '05-17-2024', '04:05:35 pm'),
	(10, 'Registrar, Administrator ', 'Administrator', 'Deleted All Curriculum: STEM', '07-17-2024', '04:07:49 pm'),
	(11, 'Registrar, Administrator ', 'Administrator', 'Deleted All Curriculum: STEM', '10-17-2024', '04:10:46 pm'),
	(12, 'Registrar, Administrator ', 'Administrator', 'Curriculum File Import: HUMSS.xlsx', '10-17-2024', '04:10:54 pm'),
	(13, 'Registrar, Administrator ', 'Administrator', 'School Year Add: SY 2023-2024, 2nd Semester', '15-17-2024', '04:15:46 pm'),
	(14, 'Registrar, Administrator ', 'Administrator', 'Instructor Add: Manglallan, Derrick D.', '17-17-2024', '04:17:26 pm'),
	(15, 'Registrar, Administrator ', 'Administrator', 'Section Subject Select All', '18-17-2024', '04:18:03 pm'),
	(16, 'Registrar, Administrator ', 'Administrator', 'Account Creation: 2024-1-0007', '22-17-2024', '04:22:27 pm'),
	(17, 'Registrar, Administrator ', 'Administrator', 'Approve account: rhthskljfh, werthrehrh uhsdhwekjehih With a course: BSCA', '22-17-2024', '04:22:35 pm'),
	(18, 'Manglallan, Derrick Daniel', 'Administrator', 'Add Discount: top 1 class valedictorian', '14-18-2024', '02:14:53 pm'),
	(19, 'Manglallan, Derrick Daniel', 'Administrator', 'Discount Delete: Dean Lister Discount', '17-19-2024', '11:17:37 am'),
	(20, 'Manglallan, Derrick Daniel', 'Administrator', 'Discount Delete: President Lister Discount', '17-19-2024', '11:17:44 am'),
	(21, 'Manglallan, Derrick Daniel', 'Administrator', 'Discount Delete: top 1 class valedictorian', '17-19-2024', '11:17:47 am'),
	(22, 'Manglallan, Derrick Daniel', 'Administrator', 'Add Discount: 100% DISCOUNT TUITION AND MISCELLANEOUS', '20-19-2024', '11:20:05 am'),
	(23, 'Manglallan, Derrick Daniel', 'Administrator', 'Adding discount to student: Dela Cruz, Juan ', '07-21-2024', '04:07:18 pm'),
	(24, 'Manglallan, Derrick Daniel', 'Administrator', 'Adding discount to student: Dela Cruz, Juan ', '08-21-2024', '04:08:13 pm'),
	(25, 'Manglallan, Derrick Daniel', 'Administrator', 'Tuition fee setup add: Tuition Fee per unit', '02-22-2024', '08:02:50 am'),
	(26, 'Manglallan, Derrick Daniel', 'Administrator', 'Tuition fee setup add: Tuition Fee per unit', '03-22-2024', '08:03:33 am'),
	(27, 'Manglallan, Derrick Daniel', 'Administrator', 'Tuition fee setup add: Tuition Fee per unit', '07-22-2024', '08:07:40 am'),
	(28, 'Manglallan, Derrick Daniel', 'Administrator', 'Tuition fee setup add: Tuition Fee per unit', '07-22-2024', '08:07:52 am'),
	(29, 'Manglallan, Derrick Daniel', 'Administrator', 'Tuition fee setup add: Tuition Fee per unit', '08-22-2024', '08:08:07 am'),
	(30, 'Manglallan, Derrick Daniel', 'Administrator', 'Tuition fee setup add: Tuition fee per unit', '16-22-2024', '08:16:02 am'),
	(31, 'Manglallan, Derrick Daniel', 'Administrator', 'Tuition fee setup add: Tuition fee per unit', '16-22-2024', '08:16:12 am'),
	(32, 'Manglallan, Derrick Daniel', 'Administrator', 'Tuition fee setup add: Tuition fee per unit', '16-22-2024', '08:16:43 am'),
	(33, 'Manglallan, Derrick Daniel', 'Administrator', 'Tuition fee setup add: Tuition fee per unit', '17-22-2024', '08:17:04 am'),
	(34, 'Manglallan, Derrick Daniel', 'Administrator', 'Tuition fee setup add: alskdjalskdjlkj', '48-22-2024', '09:48:56 am'),
	(35, 'Manglallan, Derrick Daniel', 'Administrator', 'Tuition fee setup add: 123123', '50-22-2024', '09:50:29 am'),
	(36, 'Manglallan, Derrick Daniel', 'Administrator', 'Tuition fee setup add: 123213', '51-22-2024', '09:51:36 am'),
	(37, 'Manglallan, Derrick Daniel', 'Administrator', 'Tuition fee setup add: asldkjhaslkjd', '53-22-2024', '09:53:54 am'),
	(38, 'Manglallan, Derrick Daniel', 'Administrator', 'Tuition fee setup add: 123', '55-22-2024', '09:55:48 am'),
	(39, 'Manglallan, Derrick Daniel', 'Administrator', 'Tuition fee setup add: sdssdsdsdsd', '57-22-2024', '09:57:58 am'),
	(40, 'Manglallan, Derrick Daniel', 'Administrator', 'Tuition fee setup add: TUITION FEE PER UNIT', '42-22-2024', '10:42:40 am'),
	(41, 'Manglallan, Derrick Daniel', 'Administrator', 'Tuition fee setup add: TUITION FEE PER UNIT', '44-22-2024', '10:44:21 am'),
	(42, 'Manglallan, Derrick Daniel', 'Administrator', 'Tuition fee setup add: TUITION FEE PER UNIT', '44-22-2024', '10:44:36 am'),
	(43, 'Manglallan, Derrick Daniel', 'Administrator', 'Tuition fee setup add: TUITION FEE PER UNIT', '45-22-2024', '10:45:30 am'),
	(44, 'Manglallan, Derrick Daniel', 'Administrator', 'Tuition fee setup add: TUITION FEE PER UNIT', '45-22-2024', '10:45:41 am'),
	(45, 'Manglallan, Derrick Daniel', 'Administrator', 'Tuition fee setup add: Tuition Fee Per Unit', '32-22-2024', '03:32:57 pm'),
	(46, 'Manglallan, Derrick Daniel', 'Administrator', 'Tuition fee setup add: Tuition Fee Per Unit', '33-22-2024', '03:33:08 pm'),
	(47, 'Manglallan, Derrick Daniel', 'Administrator', 'Tuition fee setup add: Tuition Fee Per Unit', '33-22-2024', '03:33:18 pm'),
	(48, 'Manglallan, Derrick Daniel', 'Administrator', 'Tuition fee setup add: Tuition Fee Per Unit', '33-22-2024', '03:33:30 pm'),
	(49, 'Manglallan, Derrick Daniel', 'Administrator', 'Tuition fee setup add: Tuition Fee Per Unit', '38-22-2024', '03:38:08 pm'),
	(50, 'Manglallan, Derrick Daniel', 'Administrator', 'Tuition fee setup add: Tuition Fee Per Unit', '38-22-2024', '03:38:18 pm'),
	(51, 'Manglallan, Derrick Daniel', 'Administrator', 'Tuition fee setup add: Tuition Fee Per Unit', '38-22-2024', '03:38:30 pm'),
	(52, 'Registrar, Administrator ', 'Administrator', 'Add: Bachelor of Science in Customs Administration 2021-2022', '02-23-2024', '03:02:15 pm'),
	(53, 'Registrar, Administrator ', 'Administrator', 'Department Add: College of Nursing', '18-23-2024', '03:18:05 pm'),
	(54, 'Registrar, Administrator ', 'Administrator', 'Course Add: Bachelor of Science in Nursing', '18-23-2024', '03:18:45 pm'),
	(55, 'Registrar, Administrator ', 'Administrator', 'Department Add: College of BEM', '22-23-2024', '03:22:09 pm'),
	(56, 'Registrar, Administrator ', 'Administrator', 'Department Add: College of Nursing', '22-23-2024', '03:22:22 pm'),
	(57, 'Registrar, Administrator ', 'Administrator', 'Department Edit: College of Business Education Management', '22-23-2024', '03:22:39 pm'),
	(58, 'Registrar, Administrator ', 'Administrator', 'Course Add: Bachelor of Science in Nursing', '23-23-2024', '03:23:53 pm'),
	(59, 'Registrar, Administrator ', 'Administrator', 'Course Add: Bachelor of Science in Customs Administration', '24-23-2024', '03:24:17 pm'),
	(60, 'Registrar, Administrator ', 'Administrator', 'Add: Bachelor of Science in Customs Administration', '24-23-2024', '03:24:56 pm'),
	(61, 'Registrar, Administrator ', 'Administrator', 'Edit: Bachelor of Science in Customs Administration', '25-23-2024', '03:25:01 pm'),
	(62, 'Registrar, Administrator ', 'Administrator', 'Department Add: PHYSICAL-THERAPY', '56-24-2024', '08:56:14 am'),
	(63, 'Registrar, Administrator ', 'Administrator', 'Course Add: Bachelor of Science in Physical Therapy', '56-24-2024', '08:56:43 am'),
	(64, 'Registrar, Administrator ', 'Administrator', 'Add: Bachelor of Science in Physical Therapy', '57-24-2024', '08:57:12 am'),
	(65, 'Registrar, Administrator ', 'Administrator', 'Curriculum File Import: BSPT.xlsx', '20-24-2024', '09:20:37 am'),
	(66, 'Registrar, Administrator ', 'Administrator', 'Curriculum File Import: BSPT.xlsx', '23-24-2024', '09:23:39 am'),
	(67, 'Registrar, Administrator ', 'Administrator', 'Curriculum File Import: BSPT.xlsx', '24-24-2024', '09:24:25 am'),
	(68, 'Registrar, Administrator ', 'Administrator', 'Curriculum File Import: BSPT.xlsx', '28-24-2024', '09:28:19 am'),
	(69, 'Registrar, Administrator ', 'Administrator', 'Curriculum Subject Update: 622', '30-24-2024', '02:30:47 pm'),
	(70, 'Registrar, Administrator ', 'Administrator', 'Section Add: BSPT-1-A', '18-24-2024', '06:18:41 pm'),
	(71, 'Registrar, Administrator ', 'Administrator', 'Section Edit: BSCA-1-A', '21-24-2024', '06:21:11 pm'),
	(72, 'Registrar, Administrator ', 'Administrator', 'Section Edit: BSPT-1-A', '21-24-2024', '06:21:17 pm'),
	(73, 'Registrar, Administrator ', 'Administrator', 'Instructor Add: No Instructor Assigned', '10-26-2024', '09:10:13 am'),
	(74, 'Registrar, Administrator ', 'Administrator', 'Section Subject Select All', '10-26-2024', '09:10:22 am'),
	(75, 'Registrar, Administrator ', 'Administrator', 'Edit: Bachelor of Science in Physical Therapy', '27-26-2024', '09:27:55 am'),
	(76, 'Registrar, Administrator ', 'Administrator', 'Edit: Bachelor of Science in Customs Administration', '27-26-2024', '09:27:59 am'),
	(77, 'Registrar, Administrator ', 'Administrator', 'All Section Deleted: 41', '15-26-2024', '03:15:57 pm'),
	(78, 'Registrar, Administrator ', 'Administrator', 'Section Subject Select All', '18-26-2024', '03:18:15 pm'),
	(79, 'Registrar, Administrator ', 'Administrator', 'Student Enrollment: 2024-1-0001', '21-26-2024', '03:21:12 pm'),
	(80, 'Registrar, Administrator ', 'Administrator', 'Student Enrollment: 2024-1-0002', '56-26-2024', '03:56:38 pm'),
	(81, 'Registrar, Administrator ', 'Administrator', 'Section Add: BSPT-1-B', '42-26-2024', '04:42:03 pm'),
	(82, 'Registrar, Administrator ', 'Administrator', 'Section Subject Select All', '45-26-2024', '04:45:26 pm'),
	(83, 'Registrar, Administrator ', 'Administrator', 'Student Enrollment: 2024-1-0003', '30-28-2024', '02:30:10 pm'),
	(84, 'Registrar, Administrator ', 'Administrator', 'Student Enrollment: 2024-1-0004', '39-28-2024', '02:39:14 pm'),
	(85, 'Registrar, Administrator ', 'Administrator', 'Student Enrollment: 2024-1-0001', '43-28-2024', '02:43:49 pm'),
	(86, 'Manglallan, Derrick Daniel', 'Administrator', 'Misc Fee Setup Add: Miscellaneous Fee', '44-28-2024', '08:44:53 pm'),
	(87, 'Manglallan, Derrick Daniel', 'Administrator', 'Misc Fee Setup Add: Miscellaneous Fee', '47-28-2024', '08:47:26 pm'),
	(88, 'Manglallan, Derrick Daniel', 'Administrator', 'Misc Fee Setup Add: Miscellaneous Fee', '47-28-2024', '09:47:54 pm'),
	(89, 'Manglallan, Derrick Daniel', 'Administrator', 'Misc Fee Setup Add: Miscellaneous Fee', '50-28-2024', '09:50:55 pm'),
	(90, 'Manglallan, Derrick Daniel', 'Administrator', 'Misc Fee Setup Add: Miscellaneous Fee', '51-28-2024', '09:51:07 pm'),
	(91, 'Manglallan, Derrick Daniel', 'Administrator', 'Misc Fee Setup Add: Tuition Fee', '58-28-2024', '11:58:01 pm'),
	(92, 'Manglallan, Derrick Daniel', 'Administrator', 'Misc Fee Setup Add: Tuition Fee', '04-29-2024', '12:04:53 am'),
	(93, 'Manglallan, Derrick Daniel', 'Administrator', 'Miscellaneous Setup Delete: TUITION FEE PER UNIT', '46-29-2024', '09:46:48 am'),
	(94, 'Manglallan, Derrick Daniel', 'Administrator', 'Miscellaneous Setup Delete: TUITION FEE PER UNIT', '46-29-2024', '09:46:59 am'),
	(95, 'Manglallan, Derrick Daniel', 'Administrator', 'Misc Fee Setup Add: Tuition Fee', '47-29-2024', '09:47:13 am'),
	(96, 'Manglallan, Derrick Daniel', 'Administrator', 'Miscelaneous fee Add: 213123', '02-29-2024', '11:02:19 am'),
	(97, 'Manglallan, Derrick Daniel', 'Administrator', 'Miscelaneous fee Add: 123123123', '11-29-2024', '11:11:28 am'),
	(98, 'Manglallan, Derrick Daniel', 'Administrator', 'Miscelaneous fee Add: askjdhaksjh', '36-29-2024', '11:36:18 am'),
	(99, 'Manglallan, Derrick Daniel', 'Administrator', 'Miscelaneous fee Add: Nursing Laboratory', '50-29-2024', '11:50:26 am'),
	(100, 'Manglallan, Derrick Daniel', 'Administrator', 'Misc Fee Setup Add: Miscellaneous Fee', '05-29-2024', '12:05:17 pm'),
	(101, 'Registrar, Administrator ', 'Administrator', 'Student Enrollment: 2024-1-0002', '27-29-2024', '02:27:47 pm'),
	(102, 'Registrar, Administrator ', 'Administrator', 'Student Enrollment: 2024-1-0001', '29-29-2024', '02:29:56 pm'),
	(103, 'Registrar, Administrator ', 'Administrator', 'Student Enrollment: 2024-1-0002', '34-29-2024', '02:34:59 pm'),
	(104, 'Registrar, Administrator ', 'Administrator', 'Student Enrollment: 2024-1-0001', '41-29-2024', '02:41:17 pm'),
	(105, 'Registrar, Administrator ', 'Administrator', 'Student Enrollment: 2024-1-0002', '49-29-2024', '02:49:49 pm'),
	(106, 'Manglallan, Derrick Daniel', 'Administrator', 'Misc Fee Setup Add: Tuition Fee', '55-30-2024', '09:55:20 am'),
	(107, 'Manglallan, Derrick Daniel', 'Administrator', 'Misc Fee Setup Add: Miscellaneous Fee', '24-30-2024', '11:24:06 am'),
	(108, 'Manglallan, Derrick Daniel', 'Administrator', 'Misc Fee Setup Add: Miscellaneous Fee', '24-30-2024', '11:24:24 am'),
	(109, 'Manglallan, Derrick Daniel', 'Administrator', 'Misc Fee Setup Add: Other Fee', '26-30-2024', '11:26:35 am'),
	(110, 'Manglallan, Derrick Daniel', 'Administrator', 'Misc Fee Setup Add: Other Fee', '27-30-2024', '11:27:20 am'),
	(111, 'Manglallan, Derrick Daniel', 'Administrator', 'Misc Fee Setup Add: Other Fee', '27-30-2024', '11:27:25 am'),
	(112, 'Manglallan, Derrick Daniel', 'Administrator', 'Misc Fee Setup Add: Other Fee', '27-30-2024', '11:27:45 am'),
	(113, 'Manglallan, Derrick Daniel', 'Administrator', 'Select Link Subject: Zoology', '49-30-2024', '03:49:24 pm'),
	(114, 'Manglallan, Derrick Daniel', 'Administrator', 'Select Link Subject: Zoology', '39-30-2024', '04:39:50 pm'),
	(115, 'Registrar, Administrator ', 'Administrator', 'Admission Schedule Edit: Enrollment schedule for school year 2023-2024, 1st semester', '53-31-2024', '08:53:45 am'),
	(116, 'Registrar, Administrator ', 'Administrator', 'Admission Schedule Edit: Enrollment schedule for school year 2023-2024, 1st semester', '56-31-2024', '08:56:41 am'),
	(117, 'Registrar, Administrator ', 'Administrator', 'Admission Schedule Edit: Enrollment schedule for school year 2023-2024, 1st semester', '57-31-2024', '08:57:07 am'),
	(118, 'Registrar, Administrator ', 'Administrator', 'Student Enrollment: 2024-1-0001', '00-31-2024', '09:00:46 am'),
	(119, 'Manglallan, Derrick Daniel', 'Administrator', 'Adding discount to student: Manglallan, Derrick Daniel', '54-31-2024', '09:54:37 am'),
	(120, 'Manglallan, Derrick Daniel', 'Administrator', 'Adding discount to student: Manglallan, Derrick Daniel', '54-31-2024', '09:54:53 am'),
	(121, 'Manglallan, Derrick Daniel', 'Administrator', 'Adding discount to student: Manglallan, Derrick Daniel', '51-31-2024', '10:51:28 am'),
	(122, 'Manglallan, Derrick Daniel', 'Administrator', 'Adding discount to student: Manglallan, Derrick Daniel', '51-31-2024', '10:51:35 am'),
	(123, 'Registrar, Administrator ', 'Administrator', 'School Year Edit: SY 2023-2024, 1ST Semester', '29-06-2024', '01:29:20 pm'),
	(124, 'Registrar, Administrator ', 'Administrator', 'School Year Edit: SY 2023-2024, 1ST Semester', '29-06-2024', '01:29:27 pm'),
	(125, 'Registrar, Administrator ', 'Administrator', 'Department Add: RADTECH', '31-06-2024', '01:31:41 pm'),
	(126, 'Registrar, Administrator ', 'Administrator', 'Course Add: Bachelor of Science in Radiologic Technology', '32-06-2024', '01:32:47 pm'),
	(127, 'Registrar, Administrator ', 'Administrator', 'Section Add: BSRT-1-A', '34-06-2024', '01:34:41 pm'),
	(128, 'Registrar, Administrator ', 'Administrator', 'Section Add: BSRT-1-A', '35-06-2024', '01:35:31 pm'),
	(129, 'Registrar, Administrator ', 'Administrator', 'Add: Bachelor of Science in Radiologic Technology', '36-06-2024', '01:36:23 pm'),
	(130, 'Registrar, Administrator ', 'Administrator', 'Curriculum File Import: BSRT.xlsx', '36-06-2024', '01:36:52 pm'),
	(131, 'Registrar, Administrator ', 'Administrator', 'Curriculum Subject Update: 700', '37-06-2024', '01:37:37 pm'),
	(132, 'Registrar, Administrator ', 'Administrator', 'Curriculum Subject Update: 700', '37-06-2024', '01:37:45 pm'),
	(133, 'Registrar, Administrator ', 'Administrator', 'Curriculum Subject Update: 699', '37-06-2024', '01:37:47 pm'),
	(134, 'Registrar, Administrator ', 'Administrator', 'Section Edit: BSPT-1-B', '41-06-2024', '01:41:08 pm'),
	(135, 'Registrar, Administrator ', 'Administrator', 'Section Edit: BSPT-1-B', '41-06-2024', '01:41:15 pm'),
	(136, 'Registrar, Administrator ', 'Administrator', 'Student Enrollment: 2024-1-0002', '46-06-2024', '01:46:05 pm'),
	(137, 'Manglallan, Derrick Daniel', 'Administrator', 'Adding discount to student: ALAN, CHARITY ', '48-06-2024', '01:48:33 pm'),
	(138, 'Manglallan, Derrick Daniel', 'Administrator', 'Adding discount to student: ALAN, CHARITY ', '48-06-2024', '01:48:41 pm'),
	(139, 'Manglallan, Derrick Daniel', 'Administrator', 'Misc Fee Setup Add: Miscellaneous Fee', '59-06-2024', '01:59:30 pm'),
	(140, 'Manglallan, Derrick Daniel', 'Administrator', 'Remove discount: Manglallan, Derrick Daniel', '06-06-2024', '02:06:18 pm'),
	(141, 'Manglallan, Derrick Daniel', 'Administrator', 'Remove discount: Manglallan, Derrick Daniel', '06-06-2024', '02:06:22 pm'),
	(142, 'Manglallan, Derrick Daniel', 'Administrator', 'Add Discount: 100% TUITION', '07-06-2024', '02:07:26 pm'),
	(143, 'Registrar, Administrator ', 'Administrator', 'Department Add: College of Information Technology and Engineering', '33-06-2024', '02:33:25 pm'),
	(144, 'Registrar, Administrator ', 'Administrator', 'Course Add: Bachelor of Science in Computer Engineering', '34-06-2024', '02:34:01 pm'),
	(145, 'Registrar, Administrator ', 'Administrator', 'Add: Bachelor of Science in Computer Engineering', '34-06-2024', '02:34:52 pm'),
	(146, 'Registrar, Administrator ', 'Administrator', 'Section Subject Select All', '17-06-2024', '08:17:15 pm'),
	(147, 'Registrar, Administrator ', 'Administrator', 'Student Enrollment: 2024-1-0003', '18-06-2024', '08:18:11 pm'),
	(148, 'Registrar, Administrator ', 'Administrator', 'Section Add: BSCOE-1-A', '55-08-2024', '09:55:58 am'),
	(149, 'Registrar, Administrator ', 'Administrator', 'Section Edit: BSPT-1-A', '07-08-2024', '10:07:42 am'),
	(150, 'Registrar, Administrator ', 'Administrator', 'Section Edit: BSPT-1-B', '07-08-2024', '10:07:51 am'),
	(151, 'Registrar, Administrator ', 'Administrator', 'Section Edit: BSRT-1-A', '10-08-2024', '10:10:32 am'),
	(152, 'Registrar, Administrator ', 'Administrator', 'Section Edit: BSRT-1-A', '10-08-2024', '10:10:38 am'),
	(153, 'Registrar, Administrator ', 'Administrator', 'Section Subject Select All', '16-08-2024', '01:16:08 pm'),
	(154, 'Registrar, Administrator ', 'Administrator', 'Section Subject Select All', '17-08-2024', '01:17:45 pm'),
	(155, 'Registrar, Administrator ', 'Administrator', 'Section Subject Select All', '37-08-2024', '01:37:48 pm'),
	(156, 'Registrar, Administrator ', 'Administrator', 'Section Subject Select All', '37-08-2024', '01:37:59 pm'),
	(157, 'Registrar, Administrator ', 'Administrator', 'Section Subject Select All', '38-08-2024', '01:38:30 pm'),
	(158, 'Registrar, Administrator ', 'Administrator', 'Curriculum Subject Update: 622', '01-08-2024', '09:01:02 pm'),
	(159, 'Registrar, Administrator ', 'Administrator', 'Level Add: Senior High School', '40-08-2024', '09:40:29 pm'),
	(160, 'Registrar, Administrator ', 'Administrator', 'Level Add: asdasd', '40-08-2024', '09:40:37 pm'),
	(161, 'Registrar, Administrator ', 'Administrator', 'Level Delete: asdasd', '40-08-2024', '09:40:40 pm'),
	(162, 'Registrar, Administrator ', 'Administrator', 'Campus Add: aksjdhakjhsd', '10-08-2024', '10:10:21 pm'),
	(163, 'Registrar, Administrator ', 'Administrator', 'Campus Edit: ISAP Tabuk Campus', '10-08-2024', '10:10:40 pm'),
	(164, 'Registrar, Administrator ', 'Administrator', 'Campus Delete: ISAP Tabuk Campus', '10-08-2024', '10:10:45 pm'),
	(165, 'Registrar, Administrator ', 'Administrator', 'Instructor Add: Derrick Manglallan', '23-08-2024', '10:23:13 pm'),
	(166, 'Registrar, Administrator ', 'Administrator', 'Instructor Edit: Derrick Manglallan', '23-08-2024', '10:23:19 pm'),
	(167, 'Registrar, Administrator ', 'Administrator', 'Instructor Delete: Derrick Manglallan', '23-08-2024', '10:23:24 pm'),
	(168, 'Registrar, Administrator ', 'Administrator', 'School Year Add: SY 2023-2024-3', '50-08-2024', '10:50:51 pm');

-- Dumping structure for table model_test_db.admission_schedule
CREATE TABLE IF NOT EXISTS `admission_schedule` (
  `id` int unsigned NOT NULL AUTO_INCREMENT,
  `code` varchar(50) NOT NULL,
  `description` text CHARACTER SET utf8mb4 COLLATE utf8mb4_0900_ai_ci NOT NULL,
  `schedule_from` varchar(50) NOT NULL,
  `schedule_to` varchar(50) NOT NULL,
  PRIMARY KEY (`id`),
  UNIQUE KEY `code` (`code`)
) ENGINE=InnoDB AUTO_INCREMENT=4 DEFAULT CHARSET=utf8mb4 COLLATE=utf8mb4_0900_ai_ci;

-- Dumping data for table model_test_db.admission_schedule: ~2 rows (approximately)
INSERT INTO `admission_schedule` (`id`, `code`, `description`, `schedule_from`, `schedule_to`) VALUES
	(1, 'Enrollment', 'Enrollment schedule for school year 2023-2024, 1st semester', '2024-01-07', '2024-02-29'),
	(3, 'Adding and Dropping', 'Schedule for adding and dropping of students', '2024-01-12', '2024-01-19');

-- Dumping structure for table model_test_db.assessment_breakdown
CREATE TABLE IF NOT EXISTS `assessment_breakdown` (
  `id` int unsigned NOT NULL AUTO_INCREMENT,
  `id_number_id` varchar(50) CHARACTER SET utf8mb4 COLLATE utf8mb4_0900_ai_ci NOT NULL,
  `school_year_id` varchar(50) CHARACTER SET utf8mb4 COLLATE utf8mb4_0900_ai_ci NOT NULL,
  `fee_type` varchar(50) NOT NULL,
  `amount` decimal(18,2) NOT NULL DEFAULT '0.00',
  PRIMARY KEY (`id`)
) ENGINE=InnoDB AUTO_INCREMENT=53 DEFAULT CHARSET=utf8mb4 COLLATE=utf8mb4_0900_ai_ci;

-- Dumping data for table model_test_db.assessment_breakdown: ~27 rows (approximately)
INSERT INTO `assessment_breakdown` (`id`, `id_number_id`, `school_year_id`, `fee_type`, `amount`) VALUES
	(26, '171', '9', 'TUITION FEE PER UNIT', 8427.12),
	(27, '171', '9', 'PE Uniform', 123.00),
	(28, '171', '9', 'POWER FEE', 563.12),
	(29, '171', '9', 'INTERNET FEE', 563.12),
	(30, '171', '9', 'Nursing Laboratory', 246.00),
	(31, '171', '9', 'Learning Management System', 465.23),
	(32, '171', '9', 'Student Management System', 543.12),
	(33, '171', '9', 'TUITION FEE PER UNIT', 8427.12),
	(34, '171', '9', 'PE Uniform', 123.00),
	(35, '171', '9', 'POWER FEE', 563.12),
	(36, '171', '9', 'INTERNET FEE', 563.12),
	(37, '171', '9', 'Nursing Laboratory', 246.00),
	(38, '171', '9', 'Learning Management System', 465.23),
	(39, '171', '9', 'Student Management System', 543.12),
	(40, '172', '9', 'TUITION FEE PER UNIT', 8427.12),
	(41, '172', '9', 'PE Uniform', 123.00),
	(42, '172', '9', 'POWER FEE', 563.12),
	(43, '172', '9', 'INTERNET FEE', 563.12),
	(44, '172', '9', 'Nursing Laboratory', 246.00),
	(45, '172', '9', 'Learning Management System', 465.23),
	(46, '172', '9', 'Student Management System', 543.12),
	(47, '173', '9', 'TUITION FEE PER UNIT', 7454.76),
	(48, '173', '9', 'PE Uniform', 123.00),
	(49, '173', '9', 'POWER FEE', 563.12),
	(50, '173', '9', 'INTERNET FEE', 563.12),
	(51, '173', '9', 'Learning Management System', 465.23),
	(52, '173', '9', 'Student Management System', 543.12);

-- Dumping structure for table model_test_db.authentication_logger
CREATE TABLE IF NOT EXISTS `authentication_logger` (
  `id` int unsigned NOT NULL AUTO_INCREMENT,
  `name` varchar(100) NOT NULL,
  `access_level` varchar(100) NOT NULL,
  `date` varchar(100) NOT NULL,
  `time` varchar(100) NOT NULL,
  PRIMARY KEY (`id`)
) ENGINE=InnoDB AUTO_INCREMENT=984 DEFAULT CHARSET=utf8mb4 COLLATE=utf8mb4_0900_ai_ci;

-- Dumping data for table model_test_db.authentication_logger: ~972 rows (approximately)
INSERT INTO `authentication_logger` (`id`, `name`, `access_level`, `date`, `time`) VALUES
	(1, 'Manglallan, Derrick Daniel', 'Administrator', '01-08-2024', '08:35:02 am'),
	(2, 'Alan, Charity T', 'Cashier', '01-08-2024', '09:28:40 am'),
	(3, 'Alan, Charity T', 'Cashier', '01-08-2024', '09:30:41 am'),
	(4, 'Alan, Charity T', 'Cashier', '01-08-2024', '09:32:31 am'),
	(5, 'Alan, Charity T', 'Cashier', '01-08-2024', '09:37:39 am'),
	(6, 'Alan, Charity T', 'Cashier', '01-08-2024', '09:38:32 am'),
	(7, 'Alan, Charity T', 'Cashier', '01-08-2024', '09:50:25 AM'),
	(8, 'Alan, Charity T', 'Cashier', '01-08-2024', '09:51:11 AM'),
	(9, 'Alan, Charity T', 'Cashier', '01-08-2024', '10:04:38 AM'),
	(10, 'Alan, Charity T', 'Cashier', '01-08-2024', '10:06:13 AM'),
	(11, 'Alan, Charity T', 'Cashier', '01-08-2024', '10:19:44 AM'),
	(12, 'Alan, Charity T', 'Cashier', '01-08-2024', '10:22:04 AM'),
	(13, 'Alan, Charity T', 'Cashier', '01-08-2024', '10:23:44 AM'),
	(14, 'Alan, Charity T', 'Cashier', '01-08-2024', '10:28:28 AM'),
	(15, 'Alan, Charity T', 'Cashier', '01-08-2024', '10:30:23 AM'),
	(16, 'Manglallan, Derrick Daniel', 'Administrator', '01-08-2024', '01:01:02 PM'),
	(17, 'Alan, Charity T', 'Cashier', '01-08-2024', '01:08:12 PM'),
	(18, 'Alan, Charity T', 'Cashier', '01-08-2024', '01:10:35 PM'),
	(19, 'Alan, Charity T', 'Cashier', '01-08-2024', '01:12:27 PM'),
	(20, 'Alan, Charity T', 'Cashier', '01-08-2024', '01:16:51 PM'),
	(21, 'Manglallan, Derrick Daniel', 'Administrator', '01-08-2024', '01:21:11 PM'),
	(22, 'Alan, Charity T', 'Cashier', '01-08-2024', '01:24:08 PM'),
	(23, 'Alan, Charity T', 'Cashier', '01-08-2024', '01:26:04 PM'),
	(24, 'Manglallan, Derrick Daniel', 'Administrator', '01-08-2024', '01:52:36 PM'),
	(25, 'Manglallan, Derrick Daniel', 'Administrator', '01-08-2024', '01:55:21 PM'),
	(26, 'Alan, Charity T', 'Cashier', '01-08-2024', '02:04:33 PM'),
	(27, 'Alan, Charity T', 'Cashier', '01-08-2024', '02:12:02 PM'),
	(28, 'Alan, Charity T', 'Cashier', '01-08-2024', '02:44:57 PM'),
	(29, 'Alan, Charity T', 'Cashier', '01-08-2024', '04:14:01 PM'),
	(30, 'Alan, Charity T', 'Cashier', '01-09-2024', '02:31:27 pm'),
	(31, 'Alan, Charity T', 'Cashier', '01-09-2024', '04:01:55 pm'),
	(32, 'Alan, Charity T', 'Cashier', '01-09-2024', '04:03:19 pm'),
	(33, 'Alan, Charity T', 'Cashier', '01-09-2024', '04:05:59 pm'),
	(34, 'Alan, Charity T', 'Cashier', '01-09-2024', '04:21:02 pm'),
	(35, 'Alan, Charity T', 'Cashier', '01-09-2024', '04:22:08 pm'),
	(36, 'Manglallan, Derrick Daniel', 'Administrator', '01-09-2024', '04:24:41 pm'),
	(37, 'Alan, Charity T', 'Cashier', '01-10-2024', '07:54:45 am'),
	(38, 'Manglallan, Derrick Daniel', 'Administrator', '01-10-2024', '08:07:18 am'),
	(39, 'Alan, Charity T', 'Cashier', '01-10-2024', '08:14:37 am'),
	(40, 'Alan, Charity T', 'Cashier', '01-10-2024', '08:15:57 am'),
	(41, 'Alan, Charity T', 'Cashier', '01-10-2024', '08:16:59 am'),
	(42, 'Alan, Charity T', 'Cashier', '01-10-2024', '08:18:24 am'),
	(43, 'Alan, Charity T', 'Cashier', '01-10-2024', '09:37:12 am'),
	(44, 'Alan, Charity T', 'Cashier', '01-10-2024', '09:38:41 am'),
	(45, 'Alan, Charity T', 'Cashier', '01-10-2024', '09:48:47 am'),
	(46, 'Alan, Charity T', 'Cashier', '01-10-2024', '09:52:38 am'),
	(47, 'Alan, Charity T', 'Cashier', '01-10-2024', '09:56:51 am'),
	(48, 'Alan, Charity T', 'Cashier', '01-10-2024', '09:57:40 am'),
	(49, 'Alan, Charity T', 'Cashier', '01-10-2024', '10:09:21 am'),
	(50, 'Alan, Charity T', 'Cashier', '01-10-2024', '10:10:57 am'),
	(51, 'Alan, Charity T', 'Cashier', '01-10-2024', '10:13:20 am'),
	(52, 'Alan, Charity T', 'Cashier', '01-10-2024', '10:19:11 am'),
	(53, 'Alan, Charity T', 'Cashier', '01-10-2024', '10:19:55 am'),
	(54, 'Manglallan, Derrick Daniel', 'Administrator', '01-10-2024', '11:23:44 am'),
	(55, 'Manglallan, Derrick Daniel', 'Administrator', '01-10-2024', '11:24:47 am'),
	(56, 'Manglallan, Derrick Daniel', 'Administrator', '01-10-2024', '11:33:13 am'),
	(57, 'Manglallan, Derrick Daniel', 'Administrator', '01-10-2024', '11:37:23 am'),
	(58, 'Manglallan, Derrick Daniel', 'Administrator', '01-10-2024', '01:05:49 pm'),
	(59, 'Alan, Charity T', 'Cashier', '01-10-2024', '01:15:50 pm'),
	(60, 'Alan, Charity T', 'Cashier', '01-10-2024', '01:16:41 pm'),
	(61, 'Alan, Charity T', 'Cashier', '01-10-2024', '01:18:00 pm'),
	(62, 'Alan, Charity T', 'Cashier', '01-10-2024', '01:19:13 pm'),
	(63, 'Alan, Charity T', 'Cashier', '01-10-2024', '01:20:01 pm'),
	(64, 'Alan, Charity T', 'Cashier', '01-10-2024', '01:24:08 pm'),
	(65, 'Alan, Charity T', 'Cashier', '01-10-2024', '01:27:24 pm'),
	(66, 'Alan, Charity T', 'Cashier', '01-10-2024', '01:48:09 pm'),
	(67, 'Alan, Charity T', 'Cashier', '01-10-2024', '02:34:42 pm'),
	(68, 'Alan, Charity T', 'Cashier', '01-10-2024', '02:36:23 pm'),
	(69, 'Alan, Charity T', 'Cashier', '01-10-2024', '02:38:19 pm'),
	(70, 'Alan, Charity T', 'Cashier', '01-10-2024', '02:41:03 pm'),
	(71, 'Alan, Charity T', 'Cashier', '01-10-2024', '02:44:00 pm'),
	(72, 'Alan, Charity T', 'Cashier', '01-10-2024', '02:46:15 pm'),
	(73, 'Manglallan, Derrick Daniel', 'Administrator', '01-10-2024', '02:48:53 pm'),
	(74, 'Alan, Charity T', 'Cashier', '01-10-2024', '03:09:50 pm'),
	(75, 'Alan, Charity T', 'Cashier', '01-10-2024', '03:10:51 pm'),
	(76, 'Alan, Charity T', 'Cashier', '01-10-2024', '03:14:10 pm'),
	(77, 'Manglallan, Derrick Daniel', 'Administrator', '01-10-2024', '04:01:57 pm'),
	(78, 'Manglallan, Derrick Daniel', 'Administrator', '01-16-2024', '08:39:16 am'),
	(79, 'Manglallan, Derrick Daniel', 'Administrator', '01-16-2024', '09:07:24 am'),
	(80, 'Geron, Richard T', 'Student Accounts', '01-16-2024', '09:12:23 am'),
	(81, 'Geron, Richard T', 'Student Accounts', '01-16-2024', '09:43:26 am'),
	(82, 'Manglallan, Derrick Daniel', 'Administrator', '01-16-2024', '09:43:44 am'),
	(83, 'Manglallan, Derrick Daniel', 'Administrator', '01-16-2024', '01:21:43 pm'),
	(84, 'Buguina, Melenio M', 'User', '01-16-2024', '01:22:27 pm'),
	(85, 'Buguina, Melenio M', 'User', '01-16-2024', '01:23:28 pm'),
	(86, 'Buguina, Melenio M', 'User', '01-16-2024', '01:36:51 pm'),
	(87, 'Buguina, Melenio M', 'User', '01-16-2024', '01:38:07 pm'),
	(88, 'Buguina, Melenio M', 'User', '01-16-2024', '01:38:46 pm'),
	(89, 'Buguina, Melenio M', 'User', '01-16-2024', '01:44:51 pm'),
	(90, 'Registrar, Administrator ', 'Administrator', '01-16-2024', '02:58:02 pm'),
	(91, 'Registrar, Administrator ', 'Administrator', '01-16-2024', '03:00:07 pm'),
	(92, 'Registrar, Administrator ', 'Administrator', '01-16-2024', '03:02:50 pm'),
	(93, 'Registrar, Administrator ', 'Administrator', '01-16-2024', '03:05:27 pm'),
	(94, 'Registrar, Administrator ', 'Administrator', '01-17-2024', '08:04:33 am'),
	(95, 'Registrar, Administrator ', 'Administrator', '01-17-2024', '11:14:15 am'),
	(96, 'Manglallan, Derrick Daniel', 'Administrator', '01-17-2024', '01:28:50 pm'),
	(97, 'Registrar, Administrator ', 'Administrator', '01-17-2024', '01:42:06 pm'),
	(98, 'Registrar, Administrator ', 'Administrator', '01-17-2024', '01:44:16 pm'),
	(99, 'Registrar, Administrator ', 'Administrator', '01-17-2024', '01:51:20 pm'),
	(100, 'Registrar, Administrator ', 'Administrator', '01-17-2024', '01:51:52 pm'),
	(101, 'Registrar, Administrator ', 'Administrator', '01-17-2024', '01:53:00 pm'),
	(102, 'Registrar, Administrator ', 'Administrator', '01-17-2024', '02:02:41 pm'),
	(103, 'Registrar, Administrator ', 'Administrator', '01-17-2024', '02:03:26 pm'),
	(104, 'Registrar, Administrator ', 'Administrator', '01-17-2024', '02:04:43 pm'),
	(105, 'Registrar, Administrator ', 'Administrator', '01-17-2024', '02:05:21 pm'),
	(106, 'Registrar, Administrator ', 'Administrator', '01-17-2024', '02:06:23 pm'),
	(107, 'Registrar, Administrator ', 'Administrator', '01-17-2024', '02:08:46 pm'),
	(108, 'Registrar, Administrator ', 'Administrator', '01-17-2024', '02:11:18 pm'),
	(109, 'Registrar, Administrator ', 'Administrator', '01-17-2024', '02:14:46 pm'),
	(110, 'Registrar, Administrator ', 'Administrator', '01-17-2024', '02:15:39 pm'),
	(111, 'Manglallan, Derrick Daniel', 'Administrator', '01-17-2024', '03:27:59 pm'),
	(112, 'Registrar, Administrator ', 'Administrator', '01-17-2024', '03:39:23 pm'),
	(113, 'Registrar, Administrator ', 'Administrator', '01-17-2024', '04:01:07 pm'),
	(114, 'Registrar, Administrator ', 'Administrator', '01-17-2024', '04:07:22 pm'),
	(115, 'Registrar, Administrator ', 'Administrator', '01-17-2024', '04:13:25 pm'),
	(116, 'Registrar, Administrator ', 'Administrator', '01-17-2024', '04:15:06 pm'),
	(117, 'Registrar, Administrator ', 'Administrator', '01-17-2024', '04:16:51 pm'),
	(118, 'Registrar, Administrator ', 'Administrator', '01-17-2024', '04:21:34 pm'),
	(119, 'Registrar, Administrator ', 'Administrator', '01-17-2024', '04:28:27 pm'),
	(120, 'Registrar, Administrator ', 'Administrator', '01-17-2024', '04:29:11 pm'),
	(121, 'Registrar, Administrator ', 'Administrator', '01-17-2024', '04:35:41 pm'),
	(122, 'Registrar, Administrator ', 'Administrator', '01-17-2024', '04:37:10 pm'),
	(123, 'Registrar, Administrator ', 'Administrator', '01-17-2024', '04:38:32 pm'),
	(124, 'Registrar, Administrator ', 'Administrator', '01-18-2024', '08:23:28 am'),
	(125, 'Registrar, Administrator ', 'Administrator', '01-18-2024', '08:29:28 am'),
	(126, 'Manglallan, Derrick Daniel', 'Administrator', '01-18-2024', '08:29:50 am'),
	(127, 'Registrar, Administrator ', 'Administrator', '01-18-2024', '10:40:05 am'),
	(128, 'Registrar, Administrator ', 'Administrator', '01-18-2024', '10:42:00 am'),
	(129, 'Registrar, Administrator ', 'Administrator', '01-18-2024', '10:56:36 am'),
	(130, 'Manglallan, Derrick Daniel', 'Administrator', '01-18-2024', '11:04:29 am'),
	(131, 'Manglallan, Derrick Daniel', 'Administrator', '01-18-2024', '11:05:40 am'),
	(132, 'Manglallan, Derrick Daniel', 'Administrator', '01-18-2024', '11:06:29 am'),
	(133, 'Manglallan, Derrick Daniel', 'Administrator', '01-18-2024', '11:06:53 am'),
	(134, 'Manglallan, Derrick Daniel', 'Administrator', '01-18-2024', '11:07:45 am'),
	(135, 'Manglallan, Derrick Daniel', 'Administrator', '01-18-2024', '11:12:10 am'),
	(136, 'Manglallan, Derrick Daniel', 'Administrator', '01-18-2024', '11:13:22 am'),
	(137, 'Manglallan, Derrick Daniel', 'Administrator', '01-18-2024', '11:14:38 am'),
	(138, 'Manglallan, Derrick Daniel', 'Administrator', '01-18-2024', '11:15:42 am'),
	(139, 'Manglallan, Derrick Daniel', 'Administrator', '01-18-2024', '11:17:33 am'),
	(140, 'Manglallan, Derrick Daniel', 'Administrator', '01-18-2024', '11:18:32 am'),
	(141, 'Manglallan, Derrick Daniel', 'Administrator', '01-18-2024', '11:19:53 am'),
	(142, 'Manglallan, Derrick Daniel', 'Administrator', '01-18-2024', '11:20:37 am'),
	(143, 'Manglallan, Derrick Daniel', 'Administrator', '01-18-2024', '11:26:36 am'),
	(144, 'Manglallan, Derrick Daniel', 'Administrator', '01-18-2024', '11:27:46 am'),
	(145, 'Manglallan, Derrick Daniel', 'Administrator', '01-18-2024', '11:28:34 am'),
	(146, 'Manglallan, Derrick Daniel', 'Administrator', '01-18-2024', '11:29:29 am'),
	(147, 'Manglallan, Derrick Daniel', 'Administrator', '01-18-2024', '11:31:40 am'),
	(148, 'Manglallan, Derrick Daniel', 'Administrator', '01-18-2024', '11:33:05 am'),
	(149, 'Manglallan, Derrick Daniel', 'Administrator', '01-18-2024', '11:34:35 am'),
	(150, 'Manglallan, Derrick Daniel', 'Administrator', '01-18-2024', '11:35:05 am'),
	(151, 'Manglallan, Derrick Daniel', 'Administrator', '01-18-2024', '11:35:38 am'),
	(152, 'Manglallan, Derrick Daniel', 'Administrator', '01-18-2024', '11:36:11 am'),
	(153, 'Manglallan, Derrick Daniel', 'Administrator', '01-18-2024', '11:36:48 am'),
	(154, 'Manglallan, Derrick Daniel', 'Administrator', '01-18-2024', '11:37:14 am'),
	(155, 'Manglallan, Derrick Daniel', 'Administrator', '01-18-2024', '11:38:30 am'),
	(156, 'Manglallan, Derrick Daniel', 'Administrator', '01-18-2024', '11:39:12 am'),
	(157, 'Manglallan, Derrick Daniel', 'Administrator', '01-18-2024', '11:39:50 am'),
	(158, 'Manglallan, Derrick Daniel', 'Administrator', '01-18-2024', '11:41:44 am'),
	(159, 'Manglallan, Derrick Daniel', 'Administrator', '01-18-2024', '11:43:02 am'),
	(160, 'Manglallan, Derrick Daniel', 'Administrator', '01-18-2024', '11:43:37 am'),
	(161, 'Manglallan, Derrick Daniel', 'Administrator', '01-18-2024', '11:44:19 am'),
	(162, 'Manglallan, Derrick Daniel', 'Administrator', '01-18-2024', '01:18:20 pm'),
	(163, 'Manglallan, Derrick Daniel', 'Administrator', '01-18-2024', '01:23:43 pm'),
	(164, 'Registrar, Administrator ', 'Administrator', '01-18-2024', '01:24:03 pm'),
	(165, 'Registrar, Administrator ', 'Administrator', '01-18-2024', '01:26:55 pm'),
	(166, 'Registrar, Administrator ', 'Administrator', '01-18-2024', '01:36:37 pm'),
	(167, 'Manglallan, Derrick Daniel', 'Administrator', '01-18-2024', '02:13:16 pm'),
	(168, 'Registrar, Administrator ', 'Administrator', '01-19-2024', '08:52:08 am'),
	(169, 'Registrar, Administrator ', 'Administrator', '01-19-2024', '08:55:32 am'),
	(170, 'Registrar, Administrator ', 'Administrator', '01-19-2024', '09:04:30 am'),
	(171, 'Registrar, Administrator ', 'Administrator', '01-19-2024', '09:07:43 am'),
	(172, 'Registrar, Administrator ', 'Administrator', '01-19-2024', '09:09:22 am'),
	(173, 'Registrar, Administrator ', 'Administrator', '01-19-2024', '09:11:05 am'),
	(174, 'Registrar, Administrator ', 'Administrator', '01-19-2024', '09:15:10 am'),
	(175, 'Registrar, Administrator ', 'Administrator', '01-19-2024', '09:19:33 am'),
	(176, 'Registrar, Administrator ', 'Administrator', '01-19-2024', '10:17:41 am'),
	(177, 'Registrar, Administrator ', 'Administrator', '01-19-2024', '10:26:08 am'),
	(178, 'Registrar, Administrator ', 'Administrator', '01-19-2024', '10:26:47 am'),
	(179, 'Registrar, Administrator ', 'Administrator', '01-19-2024', '10:31:11 am'),
	(180, 'Registrar, Administrator ', 'Administrator', '01-19-2024', '10:33:52 am'),
	(181, 'Registrar, Administrator ', 'Administrator', '01-19-2024', '10:36:20 am'),
	(182, 'Manglallan, Derrick Daniel', 'Administrator', '01-19-2024', '10:39:46 am'),
	(183, 'Registrar, Administrator ', 'Administrator', '01-19-2024', '11:02:10 am'),
	(184, 'Registrar, Administrator ', 'Administrator', '01-19-2024', '11:03:53 am'),
	(185, 'Manglallan, Derrick Daniel', 'Administrator', '01-19-2024', '11:16:00 am'),
	(186, 'Manglallan, Derrick Daniel', 'Administrator', '01-19-2024', '11:26:11 am'),
	(187, 'Manglallan, Derrick Daniel', 'Administrator', '01-19-2024', '11:29:21 am'),
	(188, 'Manglallan, Derrick Daniel', 'Administrator', '01-19-2024', '11:29:57 am'),
	(189, 'Manglallan, Derrick Daniel', 'Administrator', '01-19-2024', '01:16:01 pm'),
	(190, 'Manglallan, Derrick Daniel', 'Administrator', '01-19-2024', '01:18:37 pm'),
	(191, 'Manglallan, Derrick Daniel', 'Administrator', '01-19-2024', '01:19:22 pm'),
	(192, 'Manglallan, Derrick Daniel', 'Administrator', '01-19-2024', '01:44:07 pm'),
	(193, 'Manglallan, Derrick Daniel', 'Administrator', '01-19-2024', '01:47:49 pm'),
	(194, 'Manglallan, Derrick Daniel', 'Administrator', '01-19-2024', '02:00:55 pm'),
	(195, 'Manglallan, Derrick Daniel', 'Administrator', '01-19-2024', '02:01:40 pm'),
	(196, 'Manglallan, Derrick Daniel', 'Administrator', '01-19-2024', '02:02:38 pm'),
	(197, 'Manglallan, Derrick Daniel', 'Administrator', '01-19-2024', '02:03:11 pm'),
	(198, 'Manglallan, Derrick Daniel', 'Administrator', '01-21-2024', '01:44:11 pm'),
	(199, 'Manglallan, Derrick Daniel', 'Administrator', '01-21-2024', '01:45:22 pm'),
	(200, 'Manglallan, Derrick Daniel', 'Administrator', '01-21-2024', '01:48:24 pm'),
	(201, 'Manglallan, Derrick Daniel', 'Administrator', '01-21-2024', '01:49:08 pm'),
	(202, 'Manglallan, Derrick Daniel', 'Administrator', '01-21-2024', '04:06:39 pm'),
	(203, 'Manglallan, Derrick Daniel', 'Administrator', '01-21-2024', '04:07:36 pm'),
	(204, 'Manglallan, Derrick Daniel', 'Administrator', '01-21-2024', '04:10:40 pm'),
	(205, 'Manglallan, Derrick Daniel', 'Administrator', '01-21-2024', '04:38:43 pm'),
	(206, 'Manglallan, Derrick Daniel', 'Administrator', '01-22-2024', '07:56:59 am'),
	(207, 'Manglallan, Derrick Daniel', 'Administrator', '01-22-2024', '08:02:14 am'),
	(208, 'Manglallan, Derrick Daniel', 'Administrator', '01-22-2024', '08:04:36 am'),
	(209, 'Manglallan, Derrick Daniel', 'Administrator', '01-22-2024', '08:05:31 am'),
	(210, 'Manglallan, Derrick Daniel', 'Administrator', '01-22-2024', '08:06:29 am'),
	(211, 'Manglallan, Derrick Daniel', 'Administrator', '01-22-2024', '08:09:43 am'),
	(212, 'Manglallan, Derrick Daniel', 'Administrator', '01-22-2024', '08:13:17 am'),
	(213, 'Manglallan, Derrick Daniel', 'Administrator', '01-22-2024', '08:15:20 am'),
	(214, 'Manglallan, Derrick Daniel', 'Administrator', '01-22-2024', '08:17:46 am'),
	(215, 'Manglallan, Derrick Daniel', 'Administrator', '01-22-2024', '08:18:42 am'),
	(216, 'Manglallan, Derrick Daniel', 'Administrator', '01-22-2024', '08:19:27 am'),
	(217, 'Manglallan, Derrick Daniel', 'Administrator', '01-22-2024', '08:33:20 am'),
	(218, 'Manglallan, Derrick Daniel', 'Administrator', '01-22-2024', '08:54:01 am'),
	(219, 'Manglallan, Derrick Daniel', 'Administrator', '01-22-2024', '08:59:19 am'),
	(220, 'Manglallan, Derrick Daniel', 'Administrator', '01-22-2024', '08:59:47 am'),
	(221, 'Manglallan, Derrick Daniel', 'Administrator', '01-22-2024', '09:00:12 am'),
	(222, 'Manglallan, Derrick Daniel', 'Administrator', '01-22-2024', '09:01:22 am'),
	(223, 'Manglallan, Derrick Daniel', 'Administrator', '01-22-2024', '09:07:52 am'),
	(224, 'Manglallan, Derrick Daniel', 'Administrator', '01-22-2024', '09:12:41 am'),
	(225, 'Manglallan, Derrick Daniel', 'Administrator', '01-22-2024', '09:13:22 am'),
	(226, 'Manglallan, Derrick Daniel', 'Administrator', '01-22-2024', '09:14:12 am'),
	(227, 'Manglallan, Derrick Daniel', 'Administrator', '01-22-2024', '09:24:04 am'),
	(228, 'Manglallan, Derrick Daniel', 'Administrator', '01-22-2024', '09:24:24 am'),
	(229, 'Manglallan, Derrick Daniel', 'Administrator', '01-22-2024', '09:38:14 am'),
	(230, 'Manglallan, Derrick Daniel', 'Administrator', '01-22-2024', '09:38:45 am'),
	(231, 'Manglallan, Derrick Daniel', 'Administrator', '01-22-2024', '09:39:27 am'),
	(232, 'Manglallan, Derrick Daniel', 'Administrator', '01-22-2024', '09:42:18 am'),
	(233, 'Manglallan, Derrick Daniel', 'Administrator', '01-22-2024', '09:48:36 am'),
	(234, 'Manglallan, Derrick Daniel', 'Administrator', '01-22-2024', '09:50:14 am'),
	(235, 'Manglallan, Derrick Daniel', 'Administrator', '01-22-2024', '09:51:21 am'),
	(236, 'Manglallan, Derrick Daniel', 'Administrator', '01-22-2024', '09:53:27 am'),
	(237, 'Manglallan, Derrick Daniel', 'Administrator', '01-22-2024', '09:54:57 am'),
	(238, 'Manglallan, Derrick Daniel', 'Administrator', '01-22-2024', '09:55:30 am'),
	(239, 'Manglallan, Derrick Daniel', 'Administrator', '01-22-2024', '09:57:42 am'),
	(240, 'Manglallan, Derrick Daniel', 'Administrator', '01-22-2024', '10:08:02 am'),
	(241, 'Manglallan, Derrick Daniel', 'Administrator', '01-22-2024', '10:09:46 am'),
	(242, 'Manglallan, Derrick Daniel', 'Administrator', '01-22-2024', '10:10:05 am'),
	(243, 'Manglallan, Derrick Daniel', 'Administrator', '01-22-2024', '10:10:29 am'),
	(244, 'Manglallan, Derrick Daniel', 'Administrator', '01-22-2024', '10:17:40 am'),
	(245, 'Manglallan, Derrick Daniel', 'Administrator', '01-22-2024', '10:17:55 am'),
	(246, 'Manglallan, Derrick Daniel', 'Administrator', '01-22-2024', '10:36:59 am'),
	(247, 'Manglallan, Derrick Daniel', 'Administrator', '01-22-2024', '10:40:15 am'),
	(248, 'Manglallan, Derrick Daniel', 'Administrator', '01-22-2024', '10:42:09 am'),
	(249, 'Manglallan, Derrick Daniel', 'Administrator', '01-22-2024', '10:43:43 am'),
	(250, 'Manglallan, Derrick Daniel', 'Administrator', '01-22-2024', '10:54:02 am'),
	(251, 'Manglallan, Derrick Daniel', 'Administrator', '01-22-2024', '10:57:40 am'),
	(252, 'Manglallan, Derrick Daniel', 'Administrator', '01-22-2024', '10:58:25 am'),
	(253, 'Manglallan, Derrick Daniel', 'Administrator', '01-22-2024', '10:59:19 am'),
	(254, 'Manglallan, Derrick Daniel', 'Administrator', '01-22-2024', '11:00:00 am'),
	(255, 'Manglallan, Derrick Daniel', 'Administrator', '01-22-2024', '11:00:28 am'),
	(256, 'Manglallan, Derrick Daniel', 'Administrator', '01-22-2024', '11:01:21 am'),
	(257, 'Manglallan, Derrick Daniel', 'Administrator', '01-22-2024', '11:02:32 am'),
	(258, 'Manglallan, Derrick Daniel', 'Administrator', '01-22-2024', '11:05:12 am'),
	(259, 'Manglallan, Derrick Daniel', 'Administrator', '01-22-2024', '11:06:03 am'),
	(260, 'Manglallan, Derrick Daniel', 'Administrator', '01-22-2024', '11:09:51 am'),
	(261, 'Manglallan, Derrick Daniel', 'Administrator', '01-22-2024', '11:11:18 am'),
	(262, 'Manglallan, Derrick Daniel', 'Administrator', '01-22-2024', '11:12:03 am'),
	(263, 'Manglallan, Derrick Daniel', 'Administrator', '01-22-2024', '11:12:28 am'),
	(264, 'Manglallan, Derrick Daniel', 'Administrator', '01-22-2024', '11:13:44 am'),
	(265, 'Manglallan, Derrick Daniel', 'Administrator', '01-22-2024', '11:14:41 am'),
	(266, 'Manglallan, Derrick Daniel', 'Administrator', '01-22-2024', '11:26:22 am'),
	(267, 'Manglallan, Derrick Daniel', 'Administrator', '01-22-2024', '11:40:41 am'),
	(268, 'Manglallan, Derrick Daniel', 'Administrator', '01-22-2024', '11:41:34 am'),
	(269, 'Manglallan, Derrick Daniel', 'Administrator', '01-22-2024', '01:11:23 pm'),
	(270, 'Manglallan, Derrick Daniel', 'Administrator', '01-22-2024', '01:13:14 pm'),
	(271, 'Manglallan, Derrick Daniel', 'Administrator', '01-22-2024', '01:15:18 pm'),
	(272, 'Manglallan, Derrick Daniel', 'Administrator', '01-22-2024', '01:17:22 pm'),
	(273, 'Manglallan, Derrick Daniel', 'Administrator', '01-22-2024', '01:17:42 pm'),
	(274, 'Manglallan, Derrick Daniel', 'Administrator', '01-22-2024', '01:18:09 pm'),
	(275, 'Manglallan, Derrick Daniel', 'Administrator', '01-22-2024', '01:18:46 pm'),
	(276, 'Manglallan, Derrick Daniel', 'Administrator', '01-22-2024', '01:34:10 pm'),
	(277, 'Manglallan, Derrick Daniel', 'Administrator', '01-22-2024', '01:51:40 pm'),
	(278, 'Manglallan, Derrick Daniel', 'Administrator', '01-22-2024', '01:53:42 pm'),
	(279, 'Manglallan, Derrick Daniel', 'Administrator', '01-22-2024', '01:55:13 pm'),
	(280, 'Manglallan, Derrick Daniel', 'Administrator', '01-22-2024', '01:56:15 pm'),
	(281, 'Manglallan, Derrick Daniel', 'Administrator', '01-22-2024', '02:00:33 pm'),
	(282, 'Manglallan, Derrick Daniel', 'Administrator', '01-22-2024', '02:56:51 pm'),
	(283, 'Manglallan, Derrick Daniel', 'Administrator', '01-22-2024', '02:59:04 pm'),
	(284, 'Manglallan, Derrick Daniel', 'Administrator', '01-22-2024', '03:00:04 pm'),
	(285, 'Manglallan, Derrick Daniel', 'Administrator', '01-22-2024', '03:03:02 pm'),
	(286, 'Manglallan, Derrick Daniel', 'Administrator', '01-22-2024', '03:08:20 pm'),
	(287, 'Manglallan, Derrick Daniel', 'Administrator', '01-22-2024', '03:10:47 pm'),
	(288, 'Manglallan, Derrick Daniel', 'Administrator', '01-22-2024', '03:12:40 pm'),
	(289, 'Manglallan, Derrick Daniel', 'Administrator', '01-22-2024', '03:15:08 pm'),
	(290, 'Manglallan, Derrick Daniel', 'Administrator', '01-22-2024', '03:15:59 pm'),
	(291, 'Manglallan, Derrick Daniel', 'Administrator', '01-22-2024', '03:17:20 pm'),
	(292, 'Manglallan, Derrick Daniel', 'Administrator', '01-22-2024', '03:19:30 pm'),
	(293, 'Manglallan, Derrick Daniel', 'Administrator', '01-22-2024', '03:21:52 pm'),
	(294, 'Manglallan, Derrick Daniel', 'Administrator', '01-22-2024', '03:29:44 pm'),
	(295, 'Manglallan, Derrick Daniel', 'Administrator', '01-22-2024', '03:30:36 pm'),
	(296, 'Manglallan, Derrick Daniel', 'Administrator', '01-22-2024', '03:32:38 pm'),
	(297, 'Manglallan, Derrick Daniel', 'Administrator', '01-22-2024', '03:59:37 pm'),
	(298, 'Registrar, Administrator ', 'Administrator', '01-22-2024', '03:59:47 pm'),
	(299, 'Registrar, Administrator ', 'Administrator', '01-22-2024', '04:00:48 pm'),
	(300, 'Registrar, Administrator ', 'Administrator', '01-22-2024', '04:01:19 pm'),
	(301, 'Registrar, Administrator ', 'Administrator', '01-22-2024', '04:07:56 pm'),
	(302, 'Registrar, Administrator ', 'Administrator', '01-22-2024', '04:08:26 pm'),
	(303, 'Registrar, Administrator ', 'Administrator', '01-22-2024', '04:09:14 pm'),
	(304, 'Registrar, Administrator ', 'Administrator', '01-22-2024', '04:11:15 pm'),
	(305, 'Registrar, Administrator ', 'Administrator', '01-22-2024', '04:13:03 pm'),
	(306, 'Registrar, Administrator ', 'Administrator', '01-22-2024', '04:14:08 pm'),
	(307, 'Registrar, Administrator ', 'Administrator', '01-22-2024', '04:20:17 pm'),
	(308, 'Registrar, Administrator ', 'Administrator', '01-23-2024', '08:54:10 am'),
	(309, 'Registrar, Administrator ', 'Administrator', '01-23-2024', '08:59:12 am'),
	(310, 'Registrar, Administrator ', 'Administrator', '01-23-2024', '09:14:38 am'),
	(311, 'Registrar, Administrator ', 'Administrator', '01-23-2024', '09:15:20 am'),
	(312, 'Registrar, Administrator ', 'Administrator', '01-23-2024', '10:09:18 am'),
	(313, 'Registrar, Administrator ', 'Administrator', '01-23-2024', '10:10:08 am'),
	(314, 'Registrar, Administrator ', 'Administrator', '01-23-2024', '10:11:05 am'),
	(315, 'Registrar, Administrator ', 'Administrator', '01-23-2024', '10:19:30 am'),
	(316, 'Registrar, Administrator ', 'Administrator', '01-23-2024', '10:20:29 am'),
	(317, 'Registrar, Administrator ', 'Administrator', '01-23-2024', '10:21:51 am'),
	(318, 'Registrar, Administrator ', 'Administrator', '01-23-2024', '10:23:07 am'),
	(319, 'Registrar, Administrator ', 'Administrator', '01-23-2024', '10:29:35 am'),
	(320, 'Registrar, Administrator ', 'Administrator', '01-23-2024', '10:30:50 am'),
	(321, 'Registrar, Administrator ', 'Administrator', '01-23-2024', '10:33:00 am'),
	(322, 'Registrar, Administrator ', 'Administrator', '01-23-2024', '10:33:25 am'),
	(323, 'Registrar, Administrator ', 'Administrator', '01-23-2024', '10:33:49 am'),
	(324, 'Registrar, Administrator ', 'Administrator', '01-23-2024', '10:34:22 am'),
	(325, 'Registrar, Administrator ', 'Administrator', '01-23-2024', '10:35:41 am'),
	(326, 'Registrar, Administrator ', 'Administrator', '01-23-2024', '10:36:54 am'),
	(327, 'Registrar, Administrator ', 'Administrator', '01-23-2024', '10:38:13 am'),
	(328, 'Registrar, Administrator ', 'Administrator', '01-23-2024', '10:38:59 am'),
	(329, 'Registrar, Administrator ', 'Administrator', '01-23-2024', '10:39:58 am'),
	(330, 'Registrar, Administrator ', 'Administrator', '01-23-2024', '10:40:39 am'),
	(331, 'Registrar, Administrator ', 'Administrator', '01-23-2024', '10:42:02 am'),
	(332, 'Registrar, Administrator ', 'Administrator', '01-23-2024', '10:46:31 am'),
	(333, 'Registrar, Administrator ', 'Administrator', '01-23-2024', '11:13:00 am'),
	(334, 'Registrar, Administrator ', 'Administrator', '01-23-2024', '11:15:06 am'),
	(335, 'Registrar, Administrator ', 'Administrator', '01-23-2024', '11:21:12 am'),
	(336, 'Registrar, Administrator ', 'Administrator', '01-23-2024', '11:27:06 am'),
	(337, 'Registrar, Administrator ', 'Administrator', '01-23-2024', '11:28:14 am'),
	(338, 'Registrar, Administrator ', 'Administrator', '01-23-2024', '11:28:38 am'),
	(339, 'Registrar, Administrator ', 'Administrator', '01-23-2024', '11:29:19 am'),
	(340, 'Registrar, Administrator ', 'Administrator', '01-23-2024', '11:33:13 am'),
	(341, 'Registrar, Administrator ', 'Administrator', '01-23-2024', '11:35:12 am'),
	(342, 'Registrar, Administrator ', 'Administrator', '01-23-2024', '01:32:35 pm'),
	(343, 'Registrar, Administrator ', 'Administrator', '01-23-2024', '01:35:39 pm'),
	(344, 'Registrar, Administrator ', 'Administrator', '01-23-2024', '01:44:37 pm'),
	(345, 'Registrar, Administrator ', 'Administrator', '01-23-2024', '01:46:32 pm'),
	(346, 'Registrar, Administrator ', 'Administrator', '01-23-2024', '01:51:59 pm'),
	(347, 'Registrar, Administrator ', 'Administrator', '01-23-2024', '01:55:35 pm'),
	(348, 'Registrar, Administrator ', 'Administrator', '01-23-2024', '01:59:14 pm'),
	(349, 'Registrar, Administrator ', 'Administrator', '01-23-2024', '01:59:39 pm'),
	(350, 'Registrar, Administrator ', 'Administrator', '01-23-2024', '02:00:12 pm'),
	(351, 'Registrar, Administrator ', 'Administrator', '01-23-2024', '02:03:56 pm'),
	(352, 'Registrar, Administrator ', 'Administrator', '01-23-2024', '02:04:21 pm'),
	(353, 'Registrar, Administrator ', 'Administrator', '01-23-2024', '02:45:07 pm'),
	(354, 'Registrar, Administrator ', 'Administrator', '01-23-2024', '02:46:14 pm'),
	(355, 'Registrar, Administrator ', 'Administrator', '01-23-2024', '02:47:28 pm'),
	(356, 'Registrar, Administrator ', 'Administrator', '01-23-2024', '02:50:15 pm'),
	(357, 'Registrar, Administrator ', 'Administrator', '01-23-2024', '02:53:25 pm'),
	(358, 'Registrar, Administrator ', 'Administrator', '01-23-2024', '02:58:54 pm'),
	(359, 'Registrar, Administrator ', 'Administrator', '01-23-2024', '03:12:13 pm'),
	(360, 'Registrar, Administrator ', 'Administrator', '01-23-2024', '03:16:18 pm'),
	(361, 'Registrar, Administrator ', 'Administrator', '01-23-2024', '03:17:43 pm'),
	(362, 'Registrar, Administrator ', 'Administrator', '01-23-2024', '03:21:03 pm'),
	(363, 'Registrar, Administrator ', 'Administrator', '01-23-2024', '03:21:39 pm'),
	(364, 'Registrar, Administrator ', 'Administrator', '01-23-2024', '03:23:12 pm'),
	(365, 'Registrar, Administrator ', 'Administrator', '01-23-2024', '04:12:26 pm'),
	(366, 'Registrar, Administrator ', 'Administrator', '01-23-2024', '04:12:50 pm'),
	(367, 'Registrar, Administrator ', 'Administrator', '01-23-2024', '04:13:26 pm'),
	(368, 'Registrar, Administrator ', 'Administrator', '01-23-2024', '04:14:32 pm'),
	(369, 'Registrar, Administrator ', 'Administrator', '01-23-2024', '04:24:20 pm'),
	(370, 'Registrar, Administrator ', 'Administrator', '01-23-2024', '04:25:25 pm'),
	(371, 'Registrar, Administrator ', 'Administrator', '01-23-2024', '04:26:31 pm'),
	(372, 'Registrar, Administrator ', 'Administrator', '01-23-2024', '04:27:07 pm'),
	(373, 'Registrar, Administrator ', 'Administrator', '01-23-2024', '04:28:59 pm'),
	(374, 'Registrar, Administrator ', 'Administrator', '01-23-2024', '04:31:16 pm'),
	(375, 'Registrar, Administrator ', 'Administrator', '01-24-2024', '08:43:30 am'),
	(376, 'Registrar, Administrator ', 'Administrator', '01-24-2024', '08:45:36 am'),
	(377, 'Registrar, Administrator ', 'Administrator', '01-24-2024', '08:46:34 am'),
	(378, 'Registrar, Administrator ', 'Administrator', '01-24-2024', '08:48:44 am'),
	(379, 'Registrar, Administrator ', 'Administrator', '01-24-2024', '08:50:31 am'),
	(380, 'Registrar, Administrator ', 'Administrator', '01-24-2024', '08:53:05 am'),
	(381, 'Registrar, Administrator ', 'Administrator', '01-24-2024', '08:55:20 am'),
	(382, 'Registrar, Administrator ', 'Administrator', '01-24-2024', '08:58:15 am'),
	(383, 'Registrar, Administrator ', 'Administrator', '01-24-2024', '09:00:43 am'),
	(384, 'Registrar, Administrator ', 'Administrator', '01-24-2024', '09:02:07 am'),
	(385, 'Registrar, Administrator ', 'Administrator', '01-24-2024', '09:04:23 am'),
	(386, 'Registrar, Administrator ', 'Administrator', '01-24-2024', '09:05:59 am'),
	(387, 'Registrar, Administrator ', 'Administrator', '01-24-2024', '09:20:16 am'),
	(388, 'Registrar, Administrator ', 'Administrator', '01-24-2024', '09:22:38 am'),
	(389, 'Registrar, Administrator ', 'Administrator', '01-24-2024', '09:23:19 am'),
	(390, 'Registrar, Administrator ', 'Administrator', '01-24-2024', '09:23:53 am'),
	(391, 'Registrar, Administrator ', 'Administrator', '01-24-2024', '09:25:03 am'),
	(392, 'Registrar, Administrator ', 'Administrator', '01-24-2024', '09:27:50 am'),
	(393, 'Registrar, Administrator ', 'Administrator', '01-24-2024', '01:44:37 pm'),
	(394, 'Registrar, Administrator ', 'Administrator', '01-24-2024', '02:15:31 pm'),
	(395, 'Registrar, Administrator ', 'Administrator', '01-24-2024', '02:30:14 pm'),
	(396, 'Registrar, Administrator ', 'Administrator', '01-24-2024', '03:00:21 pm'),
	(397, 'Registrar, Administrator ', 'Administrator', '01-24-2024', '03:01:49 pm'),
	(398, 'Registrar, Administrator ', 'Administrator', '01-24-2024', '03:03:04 pm'),
	(399, 'Registrar, Administrator ', 'Administrator', '01-24-2024', '05:18:25 pm'),
	(400, 'Registrar, Administrator ', 'Administrator', '01-24-2024', '05:19:47 pm'),
	(401, 'Registrar, Administrator ', 'Administrator', '01-24-2024', '05:21:30 pm'),
	(402, 'Registrar, Administrator ', 'Administrator', '01-24-2024', '05:24:24 pm'),
	(403, 'Registrar, Administrator ', 'Administrator', '01-24-2024', '05:27:28 pm'),
	(404, 'Registrar, Administrator ', 'Administrator', '01-24-2024', '05:28:34 pm'),
	(405, 'Registrar, Administrator ', 'Administrator', '01-24-2024', '05:30:49 pm'),
	(406, 'Registrar, Administrator ', 'Administrator', '01-24-2024', '05:50:32 pm'),
	(407, 'Registrar, Administrator ', 'Administrator', '01-24-2024', '05:54:44 pm'),
	(408, 'Registrar, Administrator ', 'Administrator', '01-24-2024', '05:55:26 pm'),
	(409, 'Registrar, Administrator ', 'Administrator', '01-24-2024', '05:56:32 pm'),
	(410, 'Registrar, Administrator ', 'Administrator', '01-24-2024', '05:57:42 pm'),
	(411, 'Registrar, Administrator ', 'Administrator', '01-24-2024', '06:03:17 pm'),
	(412, 'Registrar, Administrator ', 'Administrator', '01-24-2024', '06:05:44 pm'),
	(413, 'Registrar, Administrator ', 'Administrator', '01-24-2024', '06:06:22 pm'),
	(414, 'Registrar, Administrator ', 'Administrator', '01-24-2024', '06:08:24 pm'),
	(415, 'Registrar, Administrator ', 'Administrator', '01-24-2024', '06:09:35 pm'),
	(416, 'Registrar, Administrator ', 'Administrator', '01-24-2024', '06:10:21 pm'),
	(417, 'Registrar, Administrator ', 'Administrator', '01-24-2024', '06:11:30 pm'),
	(418, 'Registrar, Administrator ', 'Administrator', '01-24-2024', '06:18:12 pm'),
	(419, 'Registrar, Administrator ', 'Administrator', '01-24-2024', '06:20:10 pm'),
	(420, 'Registrar, Administrator ', 'Administrator', '01-24-2024', '06:20:48 pm'),
	(421, 'Registrar, Administrator ', 'Administrator', '01-24-2024', '07:00:15 pm'),
	(422, 'Registrar, Administrator ', 'Administrator', '01-24-2024', '07:01:40 pm'),
	(423, 'Registrar, Administrator ', 'Administrator', '01-24-2024', '07:02:17 pm'),
	(424, 'Registrar, Administrator ', 'Administrator', '01-24-2024', '07:02:43 pm'),
	(425, 'Registrar, Administrator ', 'Administrator', '01-24-2024', '07:03:19 pm'),
	(426, 'Registrar, Administrator ', 'Administrator', '01-24-2024', '07:04:09 pm'),
	(427, 'Registrar, Administrator ', 'Administrator', '01-24-2024', '07:11:51 pm'),
	(428, 'Registrar, Administrator ', 'Administrator', '01-24-2024', '07:12:34 pm'),
	(429, 'Registrar, Administrator ', 'Administrator', '01-24-2024', '07:14:36 pm'),
	(430, 'Registrar, Administrator ', 'Administrator', '01-24-2024', '07:15:18 pm'),
	(431, 'Registrar, Administrator ', 'Administrator', '01-24-2024', '07:16:26 pm'),
	(432, 'Registrar, Administrator ', 'Administrator', '01-24-2024', '07:19:59 pm'),
	(433, 'Registrar, Administrator ', 'Administrator', '01-24-2024', '07:21:48 pm'),
	(434, 'Registrar, Administrator ', 'Administrator', '01-24-2024', '07:23:00 pm'),
	(435, 'Registrar, Administrator ', 'Administrator', '01-25-2024', '07:09:59 pm'),
	(436, 'Registrar, Administrator ', 'Administrator', '01-25-2024', '07:11:06 pm'),
	(437, 'Registrar, Administrator ', 'Administrator', '01-25-2024', '08:19:08 pm'),
	(438, 'Registrar, Administrator ', 'Administrator', '01-25-2024', '08:19:35 pm'),
	(439, 'Registrar, Administrator ', 'Administrator', '01-25-2024', '08:21:00 pm'),
	(440, 'Registrar, Administrator ', 'Administrator', '01-25-2024', '08:21:31 pm'),
	(441, 'Registrar, Administrator ', 'Administrator', '01-25-2024', '08:23:11 pm'),
	(442, 'Registrar, Administrator ', 'Administrator', '01-25-2024', '08:24:09 pm'),
	(443, 'Registrar, Administrator ', 'Administrator', '01-25-2024', '08:24:45 pm'),
	(444, 'Registrar, Administrator ', 'Administrator', '01-25-2024', '08:25:47 pm'),
	(445, 'Registrar, Administrator ', 'Administrator', '01-25-2024', '08:26:07 pm'),
	(446, 'Registrar, Administrator ', 'Administrator', '01-25-2024', '08:26:39 pm'),
	(447, 'Registrar, Administrator ', 'Administrator', '01-25-2024', '08:28:30 pm'),
	(448, 'Registrar, Administrator ', 'Administrator', '01-25-2024', '08:29:22 pm'),
	(449, 'Registrar, Administrator ', 'Administrator', '01-25-2024', '08:31:08 pm'),
	(450, 'Registrar, Administrator ', 'Administrator', '01-25-2024', '08:33:03 pm'),
	(451, 'Registrar, Administrator ', 'Administrator', '01-25-2024', '08:38:20 pm'),
	(452, 'Registrar, Administrator ', 'Administrator', '01-25-2024', '08:39:54 pm'),
	(453, 'Registrar, Administrator ', 'Administrator', '01-25-2024', '08:40:27 pm'),
	(454, 'Registrar, Administrator ', 'Administrator', '01-25-2024', '08:41:05 pm'),
	(455, 'Registrar, Administrator ', 'Administrator', '01-25-2024', '08:42:53 pm'),
	(456, 'Registrar, Administrator ', 'Administrator', '01-25-2024', '08:45:09 pm'),
	(457, 'Registrar, Administrator ', 'Administrator', '01-25-2024', '08:47:45 pm'),
	(458, 'Registrar, Administrator ', 'Administrator', '01-25-2024', '08:49:26 pm'),
	(459, 'Registrar, Administrator ', 'Administrator', '01-25-2024', '08:49:59 pm'),
	(460, 'Registrar, Administrator ', 'Administrator', '01-25-2024', '08:54:41 pm'),
	(461, 'Registrar, Administrator ', 'Administrator', '01-25-2024', '08:58:03 pm'),
	(462, 'Registrar, Administrator ', 'Administrator', '01-25-2024', '08:58:53 pm'),
	(463, 'Registrar, Administrator ', 'Administrator', '01-25-2024', '08:59:27 pm'),
	(464, 'Registrar, Administrator ', 'Administrator', '01-25-2024', '09:01:32 pm'),
	(465, 'Registrar, Administrator ', 'Administrator', '01-25-2024', '09:02:19 pm'),
	(466, 'Registrar, Administrator ', 'Administrator', '01-25-2024', '09:02:40 pm'),
	(467, 'Registrar, Administrator ', 'Administrator', '01-25-2024', '09:03:10 pm'),
	(468, 'Registrar, Administrator ', 'Administrator', '01-25-2024', '09:04:00 pm'),
	(469, 'Registrar, Administrator ', 'Administrator', '01-25-2024', '09:04:24 pm'),
	(470, 'Registrar, Administrator ', 'Administrator', '01-25-2024', '09:05:04 pm'),
	(471, 'Registrar, Administrator ', 'Administrator', '01-25-2024', '09:05:32 pm'),
	(472, 'Registrar, Administrator ', 'Administrator', '01-25-2024', '09:06:01 pm'),
	(473, 'Registrar, Administrator ', 'Administrator', '01-25-2024', '09:06:47 pm'),
	(474, 'Registrar, Administrator ', 'Administrator', '01-25-2024', '09:07:01 pm'),
	(475, 'Registrar, Administrator ', 'Administrator', '01-25-2024', '09:08:13 pm'),
	(476, 'Registrar, Administrator ', 'Administrator', '01-25-2024', '09:46:47 pm'),
	(477, 'Registrar, Administrator ', 'Administrator', '01-25-2024', '09:48:37 pm'),
	(478, 'Registrar, Administrator ', 'Administrator', '01-25-2024', '09:49:12 pm'),
	(479, 'Registrar, Administrator ', 'Administrator', '01-25-2024', '09:51:53 pm'),
	(480, 'Registrar, Administrator ', 'Administrator', '01-25-2024', '09:53:09 pm'),
	(481, 'Registrar, Administrator ', 'Administrator', '01-25-2024', '09:55:10 pm'),
	(482, 'Registrar, Administrator ', 'Administrator', '01-25-2024', '09:55:56 pm'),
	(483, 'Registrar, Administrator ', 'Administrator', '01-25-2024', '09:57:17 pm'),
	(484, 'Registrar, Administrator ', 'Administrator', '01-25-2024', '09:58:09 pm'),
	(485, 'Registrar, Administrator ', 'Administrator', '01-25-2024', '09:59:08 pm'),
	(486, 'Registrar, Administrator ', 'Administrator', '01-25-2024', '10:00:05 pm'),
	(487, 'Registrar, Administrator ', 'Administrator', '01-25-2024', '10:01:25 pm'),
	(488, 'Registrar, Administrator ', 'Administrator', '01-25-2024', '10:02:04 pm'),
	(489, 'Registrar, Administrator ', 'Administrator', '01-25-2024', '10:02:23 pm'),
	(490, 'Registrar, Administrator ', 'Administrator', '01-25-2024', '10:02:42 pm'),
	(491, 'Registrar, Administrator ', 'Administrator', '01-25-2024', '10:04:51 pm'),
	(492, 'Registrar, Administrator ', 'Administrator', '01-26-2024', '08:12:43 am'),
	(493, 'Registrar, Administrator ', 'Administrator', '01-26-2024', '08:14:55 am'),
	(494, 'Registrar, Administrator ', 'Administrator', '01-26-2024', '08:16:08 am'),
	(495, 'Registrar, Administrator ', 'Administrator', '01-26-2024', '08:25:18 am'),
	(496, 'Registrar, Administrator ', 'Administrator', '01-26-2024', '08:30:27 am'),
	(497, 'Registrar, Administrator ', 'Administrator', '01-26-2024', '08:33:09 am'),
	(498, 'Registrar, Administrator ', 'Administrator', '01-26-2024', '08:36:11 am'),
	(499, 'Registrar, Administrator ', 'Administrator', '01-26-2024', '08:36:44 am'),
	(500, 'Registrar, Administrator ', 'Administrator', '01-26-2024', '08:38:41 am'),
	(501, 'Registrar, Administrator ', 'Administrator', '01-26-2024', '08:40:37 am'),
	(502, 'Registrar, Administrator ', 'Administrator', '01-26-2024', '08:41:44 am'),
	(503, 'Registrar, Administrator ', 'Administrator', '01-26-2024', '08:44:04 am'),
	(504, 'Registrar, Administrator ', 'Administrator', '01-26-2024', '08:44:55 am'),
	(505, 'Registrar, Administrator ', 'Administrator', '01-26-2024', '08:45:25 am'),
	(506, 'Registrar, Administrator ', 'Administrator', '01-26-2024', '08:47:09 am'),
	(507, 'Registrar, Administrator ', 'Administrator', '01-26-2024', '08:56:37 am'),
	(508, 'Registrar, Administrator ', 'Administrator', '01-26-2024', '08:57:26 am'),
	(509, 'Registrar, Administrator ', 'Administrator', '01-26-2024', '08:59:56 am'),
	(510, 'Registrar, Administrator ', 'Administrator', '01-26-2024', '09:01:22 am'),
	(511, 'Registrar, Administrator ', 'Administrator', '01-26-2024', '09:01:52 am'),
	(512, 'Registrar, Administrator ', 'Administrator', '01-26-2024', '09:03:55 am'),
	(513, 'Registrar, Administrator ', 'Administrator', '01-26-2024', '09:05:09 am'),
	(514, 'Registrar, Administrator ', 'Administrator', '01-26-2024', '09:05:46 am'),
	(515, 'Registrar, Administrator ', 'Administrator', '01-26-2024', '09:06:31 am'),
	(516, 'Registrar, Administrator ', 'Administrator', '01-26-2024', '09:07:12 am'),
	(517, 'Registrar, Administrator ', 'Administrator', '01-26-2024', '09:08:18 am'),
	(518, 'Registrar, Administrator ', 'Administrator', '01-26-2024', '09:09:27 am'),
	(519, 'Registrar, Administrator ', 'Administrator', '01-26-2024', '09:11:42 am'),
	(520, 'Registrar, Administrator ', 'Administrator', '01-26-2024', '09:12:12 am'),
	(521, 'Registrar, Administrator ', 'Administrator', '01-26-2024', '09:14:03 am'),
	(522, 'Registrar, Administrator ', 'Administrator', '01-26-2024', '09:16:28 am'),
	(523, 'Registrar, Administrator ', 'Administrator', '01-26-2024', '09:23:10 am'),
	(524, 'Registrar, Administrator ', 'Administrator', '01-26-2024', '09:24:39 am'),
	(525, 'Registrar, Administrator ', 'Administrator', '01-26-2024', '09:26:24 am'),
	(526, 'Registrar, Administrator ', 'Administrator', '01-26-2024', '09:27:41 am'),
	(527, 'Registrar, Administrator ', 'Administrator', '01-26-2024', '09:31:46 am'),
	(528, 'Registrar, Administrator ', 'Administrator', '01-26-2024', '09:36:53 am'),
	(529, 'Registrar, Administrator ', 'Administrator', '01-26-2024', '09:46:03 am'),
	(530, 'Registrar, Administrator ', 'Administrator', '01-26-2024', '09:48:06 am'),
	(531, 'Registrar, Administrator ', 'Administrator', '01-26-2024', '09:49:31 am'),
	(532, 'Registrar, Administrator ', 'Administrator', '01-26-2024', '09:50:53 am'),
	(533, 'Registrar, Administrator ', 'Administrator', '01-26-2024', '09:52:53 am'),
	(534, 'Registrar, Administrator ', 'Administrator', '01-26-2024', '09:53:53 am'),
	(535, 'Registrar, Administrator ', 'Administrator', '01-26-2024', '01:11:49 pm'),
	(536, 'Registrar, Administrator ', 'Administrator', '01-26-2024', '03:00:33 pm'),
	(537, 'Registrar, Administrator ', 'Administrator', '01-26-2024', '03:02:44 pm'),
	(538, 'Registrar, Administrator ', 'Administrator', '01-26-2024', '03:03:26 pm'),
	(539, 'Registrar, Administrator ', 'Administrator', '01-26-2024', '03:04:12 pm'),
	(540, 'Registrar, Administrator ', 'Administrator', '01-26-2024', '03:05:41 pm'),
	(541, 'Registrar, Administrator ', 'Administrator', '01-26-2024', '03:07:53 pm'),
	(542, 'Registrar, Administrator ', 'Administrator', '01-26-2024', '03:08:26 pm'),
	(543, 'Registrar, Administrator ', 'Administrator', '01-26-2024', '03:10:45 pm'),
	(544, 'Registrar, Administrator ', 'Administrator', '01-26-2024', '03:11:52 pm'),
	(545, 'Registrar, Administrator ', 'Administrator', '01-26-2024', '03:13:32 pm'),
	(546, 'Registrar, Administrator ', 'Administrator', '01-26-2024', '03:15:42 pm'),
	(547, 'Registrar, Administrator ', 'Administrator', '01-26-2024', '03:17:59 pm'),
	(548, 'Registrar, Administrator ', 'Administrator', '01-26-2024', '03:20:26 pm'),
	(549, 'Registrar, Administrator ', 'Administrator', '01-26-2024', '03:50:11 pm'),
	(550, 'Registrar, Administrator ', 'Administrator', '01-26-2024', '03:52:55 pm'),
	(551, 'Registrar, Administrator ', 'Administrator', '01-26-2024', '03:55:25 pm'),
	(552, 'Registrar, Administrator ', 'Administrator', '01-26-2024', '03:56:16 pm'),
	(553, 'Registrar, Administrator ', 'Administrator', '01-26-2024', '04:06:08 pm'),
	(554, 'Registrar, Administrator ', 'Administrator', '01-26-2024', '04:07:40 pm'),
	(555, 'Registrar, Administrator ', 'Administrator', '01-26-2024', '04:09:30 pm'),
	(556, 'Registrar, Administrator ', 'Administrator', '01-26-2024', '04:10:37 pm'),
	(557, 'Registrar, Administrator ', 'Administrator', '01-26-2024', '04:11:57 pm'),
	(558, 'Registrar, Administrator ', 'Administrator', '01-26-2024', '04:38:33 pm'),
	(559, 'Registrar, Administrator ', 'Administrator', '01-26-2024', '04:41:38 pm'),
	(560, 'Registrar, Administrator ', 'Administrator', '01-26-2024', '04:44:54 pm'),
	(561, 'Registrar, Administrator ', 'Administrator', '01-26-2024', '11:31:56 pm'),
	(562, 'Registrar, Administrator ', 'Administrator', '01-26-2024', '11:33:59 pm'),
	(563, 'Registrar, Administrator ', 'Administrator', '01-26-2024', '11:36:25 pm'),
	(564, 'Registrar, Administrator ', 'Administrator', '01-26-2024', '11:37:22 pm'),
	(565, 'Registrar, Administrator ', 'Administrator', '01-26-2024', '11:41:34 pm'),
	(566, 'Registrar, Administrator ', 'Administrator', '01-26-2024', '11:44:01 pm'),
	(567, 'Registrar, Administrator ', 'Administrator', '01-26-2024', '11:44:56 pm'),
	(568, 'Registrar, Administrator ', 'Administrator', '01-26-2024', '11:46:15 pm'),
	(569, 'Registrar, Administrator ', 'Administrator', '01-26-2024', '11:46:42 pm'),
	(570, 'Registrar, Administrator ', 'Administrator', '01-26-2024', '11:47:24 pm'),
	(571, 'Registrar, Administrator ', 'Administrator', '01-26-2024', '11:48:06 pm'),
	(572, 'Registrar, Administrator ', 'Administrator', '01-26-2024', '11:49:06 pm'),
	(573, 'Registrar, Administrator ', 'Administrator', '01-26-2024', '11:55:28 pm'),
	(574, 'Registrar, Administrator ', 'Administrator', '01-27-2024', '12:02:47 am'),
	(575, 'Registrar, Administrator ', 'Administrator', '01-27-2024', '12:04:02 am'),
	(576, 'Registrar, Administrator ', 'Administrator', '01-27-2024', '12:09:39 am'),
	(577, 'Registrar, Administrator ', 'Administrator', '01-28-2024', '01:26:41 pm'),
	(578, 'Registrar, Administrator ', 'Administrator', '01-28-2024', '01:28:41 pm'),
	(579, 'Registrar, Administrator ', 'Administrator', '01-28-2024', '02:04:13 pm'),
	(580, 'Registrar, Administrator ', 'Administrator', '01-28-2024', '02:05:22 pm'),
	(581, 'Registrar, Administrator ', 'Administrator', '01-28-2024', '02:06:40 pm'),
	(582, 'Registrar, Administrator ', 'Administrator', '01-28-2024', '02:10:21 pm'),
	(583, 'Registrar, Administrator ', 'Administrator', '01-28-2024', '02:11:33 pm'),
	(584, 'Registrar, Administrator ', 'Administrator', '01-28-2024', '02:12:16 pm'),
	(585, 'Registrar, Administrator ', 'Administrator', '01-28-2024', '02:14:32 pm'),
	(586, 'Registrar, Administrator ', 'Administrator', '01-28-2024', '02:17:31 pm'),
	(587, 'Registrar, Administrator ', 'Administrator', '01-28-2024', '02:21:03 pm'),
	(588, 'Registrar, Administrator ', 'Administrator', '01-28-2024', '02:22:23 pm'),
	(589, 'Registrar, Administrator ', 'Administrator', '01-28-2024', '02:26:16 pm'),
	(590, 'Registrar, Administrator ', 'Administrator', '01-28-2024', '02:29:07 pm'),
	(591, 'Registrar, Administrator ', 'Administrator', '01-28-2024', '02:30:33 pm'),
	(592, 'Registrar, Administrator ', 'Administrator', '01-28-2024', '02:31:29 pm'),
	(593, 'Registrar, Administrator ', 'Administrator', '01-28-2024', '02:32:39 pm'),
	(594, 'Registrar, Administrator ', 'Administrator', '01-28-2024', '02:35:56 pm'),
	(595, 'Registrar, Administrator ', 'Administrator', '01-28-2024', '02:38:30 pm'),
	(596, 'Registrar, Administrator ', 'Administrator', '01-28-2024', '02:41:30 pm'),
	(597, 'Registrar, Administrator ', 'Administrator', '01-28-2024', '02:42:08 pm'),
	(598, 'Registrar, Administrator ', 'Administrator', '01-28-2024', '02:43:13 pm'),
	(599, 'Registrar, Administrator ', 'Administrator', '01-28-2024', '02:47:14 pm'),
	(600, 'Registrar, Administrator ', 'Administrator', '01-28-2024', '02:49:48 pm'),
	(601, 'Registrar, Administrator ', 'Administrator', '01-28-2024', '02:50:43 pm'),
	(602, 'Registrar, Administrator ', 'Administrator', '01-28-2024', '02:52:53 pm'),
	(603, 'Registrar, Administrator ', 'Administrator', '01-28-2024', '02:54:03 pm'),
	(604, 'Registrar, Administrator ', 'Administrator', '01-28-2024', '02:58:05 pm'),
	(605, 'Registrar, Administrator ', 'Administrator', '01-28-2024', '03:08:18 pm'),
	(606, 'Registrar, Administrator ', 'Administrator', '01-28-2024', '03:09:01 pm'),
	(607, 'Registrar, Administrator ', 'Administrator', '01-28-2024', '03:09:46 pm'),
	(608, 'Registrar, Administrator ', 'Administrator', '01-28-2024', '03:12:32 pm'),
	(609, 'Registrar, Administrator ', 'Administrator', '01-28-2024', '03:40:21 pm'),
	(610, 'Registrar, Administrator ', 'Administrator', '01-28-2024', '03:41:22 pm'),
	(611, 'Registrar, Administrator ', 'Administrator', '01-28-2024', '03:42:05 pm'),
	(612, 'Registrar, Administrator ', 'Administrator', '01-28-2024', '03:47:18 pm'),
	(613, 'Registrar, Administrator ', 'Administrator', '01-28-2024', '03:54:01 pm'),
	(614, 'Registrar, Administrator ', 'Administrator', '01-28-2024', '03:57:44 pm'),
	(615, 'Registrar, Administrator ', 'Administrator', '01-28-2024', '04:01:36 pm'),
	(616, 'Registrar, Administrator ', 'Administrator', '01-28-2024', '04:05:35 pm'),
	(617, 'Registrar, Administrator ', 'Administrator', '01-28-2024', '04:06:10 pm'),
	(618, 'Registrar, Administrator ', 'Administrator', '01-28-2024', '04:08:05 pm'),
	(619, 'Registrar, Administrator ', 'Administrator', '01-28-2024', '04:09:18 pm'),
	(620, 'Registrar, Administrator ', 'Administrator', '01-28-2024', '04:09:41 pm'),
	(621, 'Registrar, Administrator ', 'Administrator', '01-28-2024', '04:11:16 pm'),
	(622, 'Registrar, Administrator ', 'Administrator', '01-28-2024', '04:12:33 pm'),
	(623, 'Registrar, Administrator ', 'Administrator', '01-28-2024', '04:13:26 pm'),
	(624, 'Registrar, Administrator ', 'Administrator', '01-28-2024', '04:16:16 pm'),
	(625, 'Registrar, Administrator ', 'Administrator', '01-28-2024', '04:18:38 pm'),
	(626, 'Registrar, Administrator ', 'Administrator', '01-28-2024', '04:19:13 pm'),
	(627, 'Registrar, Administrator ', 'Administrator', '01-28-2024', '04:20:00 pm'),
	(628, 'Registrar, Administrator ', 'Administrator', '01-28-2024', '04:20:26 pm'),
	(629, 'Registrar, Administrator ', 'Administrator', '01-28-2024', '04:22:25 pm'),
	(630, 'Registrar, Administrator ', 'Administrator', '01-28-2024', '04:29:47 pm'),
	(631, 'Registrar, Administrator ', 'Administrator', '01-28-2024', '04:30:47 pm'),
	(632, 'Registrar, Administrator ', 'Administrator', '01-28-2024', '04:33:48 pm'),
	(633, 'Registrar, Administrator ', 'Administrator', '01-28-2024', '04:36:58 pm'),
	(634, 'Registrar, Administrator ', 'Administrator', '01-28-2024', '04:42:13 pm'),
	(635, 'Registrar, Administrator ', 'Administrator', '01-28-2024', '04:42:49 pm'),
	(636, 'Registrar, Administrator ', 'Administrator', '01-28-2024', '04:54:06 pm'),
	(637, 'Registrar, Administrator ', 'Administrator', '01-28-2024', '04:55:53 pm'),
	(638, 'Registrar, Administrator ', 'Administrator', '01-28-2024', '04:58:49 pm'),
	(639, 'Manglallan, Derrick Daniel', 'Administrator', '01-28-2024', '05:01:34 pm'),
	(640, 'Manglallan, Derrick Daniel', 'Administrator', '01-28-2024', '05:18:52 pm'),
	(641, 'Manglallan, Derrick Daniel', 'Administrator', '01-28-2024', '08:42:36 pm'),
	(642, 'Manglallan, Derrick Daniel', 'Administrator', '01-28-2024', '08:43:28 pm'),
	(643, 'Manglallan, Derrick Daniel', 'Administrator', '01-28-2024', '08:44:07 pm'),
	(644, 'Manglallan, Derrick Daniel', 'Administrator', '01-28-2024', '08:44:41 pm'),
	(645, 'Manglallan, Derrick Daniel', 'Administrator', '01-28-2024', '08:47:09 pm'),
	(646, 'Manglallan, Derrick Daniel', 'Administrator', '01-28-2024', '09:17:55 pm'),
	(647, 'Manglallan, Derrick Daniel', 'Administrator', '01-28-2024', '09:21:56 pm'),
	(648, 'Manglallan, Derrick Daniel', 'Administrator', '01-28-2024', '09:22:28 pm'),
	(649, 'Manglallan, Derrick Daniel', 'Administrator', '01-28-2024', '09:23:27 pm'),
	(650, 'Manglallan, Derrick Daniel', 'Administrator', '01-28-2024', '09:41:58 pm'),
	(651, 'Manglallan, Derrick Daniel', 'Administrator', '01-28-2024', '09:45:03 pm'),
	(652, 'Registrar, Administrator ', 'Administrator', '01-28-2024', '09:45:38 pm'),
	(653, 'Manglallan, Derrick Daniel', 'Administrator', '01-28-2024', '09:45:52 pm'),
	(654, 'Manglallan, Derrick Daniel', 'Administrator', '01-28-2024', '09:46:39 pm'),
	(655, 'Manglallan, Derrick Daniel', 'Administrator', '01-28-2024', '09:47:19 pm'),
	(656, 'Manglallan, Derrick Daniel', 'Administrator', '01-28-2024', '09:48:36 pm'),
	(657, 'Manglallan, Derrick Daniel', 'Administrator', '01-28-2024', '09:49:41 pm'),
	(658, 'Manglallan, Derrick Daniel', 'Administrator', '01-28-2024', '09:50:36 pm'),
	(659, 'Manglallan, Derrick Daniel', 'Administrator', '01-28-2024', '09:52:04 pm'),
	(660, 'Manglallan, Derrick Daniel', 'Administrator', '01-28-2024', '11:55:48 pm'),
	(661, 'Manglallan, Derrick Daniel', 'Administrator', '01-28-2024', '11:56:14 pm'),
	(662, 'Manglallan, Derrick Daniel', 'Administrator', '01-28-2024', '11:57:37 pm'),
	(663, 'Manglallan, Derrick Daniel', 'Administrator', '01-28-2024', '11:59:13 pm'),
	(664, 'Manglallan, Derrick Daniel', 'Administrator', '01-29-2024', '12:00:22 am'),
	(665, 'Manglallan, Derrick Daniel', 'Administrator', '01-29-2024', '12:01:06 am'),
	(666, 'Manglallan, Derrick Daniel', 'Administrator', '01-29-2024', '12:03:13 am'),
	(667, 'Manglallan, Derrick Daniel', 'Administrator', '01-29-2024', '12:04:19 am'),
	(668, 'Manglallan, Derrick Daniel', 'Administrator', '01-29-2024', '12:05:33 am'),
	(669, 'Manglallan, Derrick Daniel', 'Administrator', '01-29-2024', '09:44:16 am'),
	(670, 'Manglallan, Derrick Daniel', 'Administrator', '01-29-2024', '09:46:35 am'),
	(671, 'Manglallan, Derrick Daniel', 'Administrator', '01-29-2024', '10:24:47 am'),
	(672, 'Manglallan, Derrick Daniel', 'Administrator', '01-29-2024', '10:27:22 am'),
	(673, 'Manglallan, Derrick Daniel', 'Administrator', '01-29-2024', '10:31:12 am'),
	(674, 'Manglallan, Derrick Daniel', 'Administrator', '01-29-2024', '10:32:07 am'),
	(675, 'Manglallan, Derrick Daniel', 'Administrator', '01-29-2024', '10:33:58 am'),
	(676, 'Registrar, Administrator ', 'Administrator', '01-29-2024', '10:36:52 am'),
	(677, 'Manglallan, Derrick Daniel', 'Administrator', '01-29-2024', '10:37:41 am'),
	(678, 'Manglallan, Derrick Daniel', 'Administrator', '01-29-2024', '10:38:35 am'),
	(679, 'Manglallan, Derrick Daniel', 'Administrator', '01-29-2024', '10:49:15 am'),
	(680, 'Manglallan, Derrick Daniel', 'Administrator', '01-29-2024', '10:50:20 am'),
	(681, 'Manglallan, Derrick Daniel', 'Administrator', '01-29-2024', '10:51:01 am'),
	(682, 'Manglallan, Derrick Daniel', 'Administrator', '01-29-2024', '10:53:27 am'),
	(683, 'Manglallan, Derrick Daniel', 'Administrator', '01-29-2024', '11:00:07 am'),
	(684, 'Manglallan, Derrick Daniel', 'Administrator', '01-29-2024', '11:02:00 am'),
	(685, 'Manglallan, Derrick Daniel', 'Administrator', '01-29-2024', '11:11:18 am'),
	(686, 'Manglallan, Derrick Daniel', 'Administrator', '01-29-2024', '11:35:41 am'),
	(687, 'Manglallan, Derrick Daniel', 'Administrator', '01-29-2024', '11:36:04 am'),
	(688, 'Manglallan, Derrick Daniel', 'Administrator', '01-29-2024', '11:37:08 am'),
	(689, 'Manglallan, Derrick Daniel', 'Administrator', '01-29-2024', '11:39:36 am'),
	(690, 'Manglallan, Derrick Daniel', 'Administrator', '01-29-2024', '11:41:59 am'),
	(691, 'Manglallan, Derrick Daniel', 'Administrator', '01-29-2024', '11:42:25 am'),
	(692, 'Manglallan, Derrick Daniel', 'Administrator', '01-29-2024', '11:49:52 am'),
	(693, 'Manglallan, Derrick Daniel', 'Administrator', '01-29-2024', '11:50:56 am'),
	(694, 'Manglallan, Derrick Daniel', 'Administrator', '01-29-2024', '12:01:52 pm'),
	(695, 'Manglallan, Derrick Daniel', 'Administrator', '01-29-2024', '12:02:44 pm'),
	(696, 'Manglallan, Derrick Daniel', 'Administrator', '01-29-2024', '12:04:55 pm'),
	(697, 'Manglallan, Derrick Daniel', 'Administrator', '01-29-2024', '02:04:23 pm'),
	(698, 'Manglallan, Derrick Daniel', 'Administrator', '01-29-2024', '02:19:15 pm'),
	(699, 'Manglallan, Derrick Daniel', 'Administrator', '01-29-2024', '02:19:34 pm'),
	(700, 'Manglallan, Derrick Daniel', 'Administrator', '01-29-2024', '02:20:27 pm'),
	(701, 'Manglallan, Derrick Daniel', 'Administrator', '01-29-2024', '02:25:36 pm'),
	(702, 'Registrar, Administrator ', 'Administrator', '01-29-2024', '02:26:01 pm'),
	(703, 'Registrar, Administrator ', 'Administrator', '01-29-2024', '02:27:03 pm'),
	(704, 'Registrar, Administrator ', 'Administrator', '01-29-2024', '02:29:18 pm'),
	(705, 'Registrar, Administrator ', 'Administrator', '01-29-2024', '02:32:35 pm'),
	(706, 'Registrar, Administrator ', 'Administrator', '01-29-2024', '02:34:14 pm'),
	(707, 'Registrar, Administrator ', 'Administrator', '01-29-2024', '02:40:42 pm'),
	(708, 'Registrar, Administrator ', 'Administrator', '01-29-2024', '02:49:12 pm'),
	(709, 'Manglallan, Derrick Daniel', 'Administrator', '01-29-2024', '02:50:00 pm'),
	(710, 'Manglallan, Derrick Daniel', 'Administrator', '01-29-2024', '04:16:44 pm'),
	(711, 'Manglallan, Derrick Daniel', 'Administrator', '01-29-2024', '06:10:10 pm'),
	(712, 'Manglallan, Derrick Daniel', 'Administrator', '01-29-2024', '06:17:16 pm'),
	(713, 'Manglallan, Derrick Daniel', 'Administrator', '01-29-2024', '06:19:24 pm'),
	(714, 'Manglallan, Derrick Daniel', 'Administrator', '01-29-2024', '06:21:15 pm'),
	(715, 'Manglallan, Derrick Daniel', 'Administrator', '01-29-2024', '06:22:42 pm'),
	(716, 'Manglallan, Derrick Daniel', 'Administrator', '01-29-2024', '06:23:24 pm'),
	(717, 'Registrar, Administrator ', 'Administrator', '01-29-2024', '06:25:33 pm'),
	(718, 'Manglallan, Derrick Daniel', 'Administrator', '01-29-2024', '06:25:41 pm'),
	(719, 'Manglallan, Derrick Daniel', 'Administrator', '01-29-2024', '06:26:38 pm'),
	(720, 'Manglallan, Derrick Daniel', 'Administrator', '01-29-2024', '06:27:12 pm'),
	(721, 'Registrar, Administrator ', 'Administrator', '01-29-2024', '06:29:11 pm'),
	(722, 'Manglallan, Derrick Daniel', 'Administrator', '01-29-2024', '06:29:17 pm'),
	(723, 'Manglallan, Derrick Daniel', 'Administrator', '01-29-2024', '06:30:30 pm'),
	(724, 'Manglallan, Derrick Daniel', 'Administrator', '01-29-2024', '06:32:07 pm'),
	(725, 'Manglallan, Derrick Daniel', 'Administrator', '01-29-2024', '06:32:46 pm'),
	(726, 'Manglallan, Derrick Daniel', 'Administrator', '01-29-2024', '06:33:17 pm'),
	(727, 'Manglallan, Derrick Daniel', 'Administrator', '01-29-2024', '06:51:00 pm'),
	(728, 'Manglallan, Derrick Daniel', 'Administrator', '01-29-2024', '06:52:26 pm'),
	(729, 'Manglallan, Derrick Daniel', 'Administrator', '01-29-2024', '06:53:30 pm'),
	(730, 'Manglallan, Derrick Daniel', 'Administrator', '01-29-2024', '06:54:09 pm'),
	(731, 'Manglallan, Derrick Daniel', 'Administrator', '01-29-2024', '06:54:31 pm'),
	(732, 'Manglallan, Derrick Daniel', 'Administrator', '01-30-2024', '08:20:35 am'),
	(733, 'Manglallan, Derrick Daniel', 'Administrator', '01-30-2024', '09:26:28 am'),
	(734, 'Manglallan, Derrick Daniel', 'Administrator', '01-30-2024', '09:29:58 am'),
	(735, 'Manglallan, Derrick Daniel', 'Administrator', '01-30-2024', '09:31:23 am'),
	(736, 'Manglallan, Derrick Daniel', 'Administrator', '01-30-2024', '09:32:43 am'),
	(737, 'Manglallan, Derrick Daniel', 'Administrator', '01-30-2024', '09:33:05 am'),
	(738, 'Manglallan, Derrick Daniel', 'Administrator', '01-30-2024', '09:33:53 am'),
	(739, 'Manglallan, Derrick Daniel', 'Administrator', '01-30-2024', '09:34:55 am'),
	(740, 'Manglallan, Derrick Daniel', 'Administrator', '01-30-2024', '09:36:45 am'),
	(741, 'Manglallan, Derrick Daniel', 'Administrator', '01-30-2024', '09:38:05 am'),
	(742, 'Manglallan, Derrick Daniel', 'Administrator', '01-30-2024', '09:39:48 am'),
	(743, 'Manglallan, Derrick Daniel', 'Administrator', '01-30-2024', '09:41:19 am'),
	(744, 'Manglallan, Derrick Daniel', 'Administrator', '01-30-2024', '09:42:56 am'),
	(745, 'Manglallan, Derrick Daniel', 'Administrator', '01-30-2024', '09:43:47 am'),
	(746, 'Manglallan, Derrick Daniel', 'Administrator', '01-30-2024', '09:51:39 am'),
	(747, 'Manglallan, Derrick Daniel', 'Administrator', '01-30-2024', '09:52:20 am'),
	(748, 'Manglallan, Derrick Daniel', 'Administrator', '01-30-2024', '09:53:09 am'),
	(749, 'Manglallan, Derrick Daniel', 'Administrator', '01-30-2024', '09:53:59 am'),
	(750, 'Manglallan, Derrick Daniel', 'Administrator', '01-30-2024', '09:54:29 am'),
	(751, 'Manglallan, Derrick Daniel', 'Administrator', '01-30-2024', '10:02:00 am'),
	(752, 'Manglallan, Derrick Daniel', 'Administrator', '01-30-2024', '10:10:13 am'),
	(753, 'Registrar, Administrator ', 'Administrator', '01-30-2024', '10:10:22 am'),
	(754, 'Registrar, Administrator ', 'Administrator', '01-30-2024', '10:39:21 am'),
	(755, 'Registrar, Administrator ', 'Administrator', '01-30-2024', '10:40:41 am'),
	(756, 'Manglallan, Derrick Daniel', 'Administrator', '01-30-2024', '10:43:07 am'),
	(757, 'Manglallan, Derrick Daniel', 'Administrator', '01-30-2024', '10:43:50 am'),
	(758, 'Manglallan, Derrick Daniel', 'Administrator', '01-30-2024', '10:44:46 am'),
	(759, 'Manglallan, Derrick Daniel', 'Administrator', '01-30-2024', '10:47:21 am'),
	(760, 'Manglallan, Derrick Daniel', 'Administrator', '01-30-2024', '10:49:37 am'),
	(761, 'Manglallan, Derrick Daniel', 'Administrator', '01-30-2024', '10:52:49 am'),
	(762, 'Manglallan, Derrick Daniel', 'Administrator', '01-30-2024', '10:57:14 am'),
	(763, 'Manglallan, Derrick Daniel', 'Administrator', '01-30-2024', '10:58:41 am'),
	(764, 'Manglallan, Derrick Daniel', 'Administrator', '01-30-2024', '11:00:06 am'),
	(765, 'Manglallan, Derrick Daniel', 'Administrator', '01-30-2024', '11:14:04 am'),
	(766, 'Manglallan, Derrick Daniel', 'Administrator', '01-30-2024', '11:14:56 am'),
	(767, 'Manglallan, Derrick Daniel', 'Administrator', '01-30-2024', '11:16:19 am'),
	(768, 'Manglallan, Derrick Daniel', 'Administrator', '01-30-2024', '11:17:11 am'),
	(769, 'Manglallan, Derrick Daniel', 'Administrator', '01-30-2024', '11:18:18 am'),
	(770, 'Manglallan, Derrick Daniel', 'Administrator', '01-30-2024', '11:19:01 am'),
	(771, 'Manglallan, Derrick Daniel', 'Administrator', '01-30-2024', '11:19:58 am'),
	(772, 'Manglallan, Derrick Daniel', 'Administrator', '01-30-2024', '11:22:48 am'),
	(773, 'Manglallan, Derrick Daniel', 'Administrator', '01-30-2024', '11:23:20 am'),
	(774, 'Manglallan, Derrick Daniel', 'Administrator', '01-30-2024', '11:26:11 am'),
	(775, 'Manglallan, Derrick Daniel', 'Administrator', '01-30-2024', '11:26:56 am'),
	(776, 'Manglallan, Derrick Daniel', 'Administrator', '01-30-2024', '11:29:14 am'),
	(777, 'Manglallan, Derrick Daniel', 'Administrator', '01-30-2024', '02:29:52 pm'),
	(778, 'Manglallan, Derrick Daniel', 'Administrator', '01-30-2024', '02:32:01 pm'),
	(779, 'Manglallan, Derrick Daniel', 'Administrator', '01-30-2024', '02:32:23 pm'),
	(780, 'Manglallan, Derrick Daniel', 'Administrator', '01-30-2024', '03:38:27 pm'),
	(781, 'Manglallan, Derrick Daniel', 'Administrator', '01-30-2024', '03:39:45 pm'),
	(782, 'Manglallan, Derrick Daniel', 'Administrator', '01-30-2024', '03:40:29 pm'),
	(783, 'Manglallan, Derrick Daniel', 'Administrator', '01-30-2024', '03:41:47 pm'),
	(784, 'Manglallan, Derrick Daniel', 'Administrator', '01-30-2024', '03:43:03 pm'),
	(785, 'Manglallan, Derrick Daniel', 'Administrator', '01-30-2024', '03:49:01 pm'),
	(786, 'Manglallan, Derrick Daniel', 'Administrator', '01-30-2024', '04:04:22 pm'),
	(787, 'Manglallan, Derrick Daniel', 'Administrator', '01-30-2024', '04:16:41 pm'),
	(788, 'Manglallan, Derrick Daniel', 'Administrator', '01-30-2024', '04:17:21 pm'),
	(789, 'Manglallan, Derrick Daniel', 'Administrator', '01-30-2024', '04:21:10 pm'),
	(790, 'Manglallan, Derrick Daniel', 'Administrator', '01-30-2024', '04:25:13 pm'),
	(791, 'Manglallan, Derrick Daniel', 'Administrator', '01-30-2024', '04:28:04 pm'),
	(792, 'Manglallan, Derrick Daniel', 'Administrator', '01-30-2024', '04:28:27 pm'),
	(793, 'Manglallan, Derrick Daniel', 'Administrator', '01-30-2024', '04:32:13 pm'),
	(794, 'Manglallan, Derrick Daniel', 'Administrator', '01-30-2024', '04:33:17 pm'),
	(795, 'Manglallan, Derrick Daniel', 'Administrator', '01-30-2024', '04:34:47 pm'),
	(796, 'Manglallan, Derrick Daniel', 'Administrator', '01-30-2024', '04:35:41 pm'),
	(797, 'Manglallan, Derrick Daniel', 'Administrator', '01-30-2024', '04:36:29 pm'),
	(798, 'Manglallan, Derrick Daniel', 'Administrator', '01-30-2024', '04:37:07 pm'),
	(799, 'Manglallan, Derrick Daniel', 'Administrator', '01-30-2024', '04:38:33 pm'),
	(800, 'Manglallan, Derrick Daniel', 'Administrator', '01-30-2024', '04:39:39 pm'),
	(801, 'Manglallan, Derrick Daniel', 'Administrator', '01-30-2024', '04:41:18 pm'),
	(802, 'Manglallan, Derrick Daniel', 'Administrator', '01-30-2024', '04:41:30 pm'),
	(803, 'Manglallan, Derrick Daniel', 'Administrator', '01-30-2024', '04:42:32 pm'),
	(804, 'Manglallan, Derrick Daniel', 'Administrator', '01-31-2024', '08:33:57 am'),
	(805, 'Manglallan, Derrick Daniel', 'Administrator', '01-31-2024', '08:35:09 am'),
	(806, 'Manglallan, Derrick Daniel', 'Administrator', '01-31-2024', '08:35:55 am'),
	(807, 'Registrar, Administrator ', 'Administrator', '01-31-2024', '08:36:31 am'),
	(808, 'Manglallan, Derrick Daniel', 'Administrator', '01-31-2024', '08:39:28 am'),
	(809, 'Registrar, Administrator ', 'Administrator', '01-31-2024', '08:39:42 am'),
	(810, 'Registrar, Administrator ', 'Administrator', '01-31-2024', '08:40:18 am'),
	(811, 'Registrar, Administrator ', 'Administrator', '01-31-2024', '08:41:58 am'),
	(812, 'Registrar, Administrator ', 'Administrator', '01-31-2024', '08:46:29 am'),
	(813, 'Manglallan, Derrick Daniel', 'Administrator', '01-31-2024', '08:48:10 am'),
	(814, 'Registrar, Administrator ', 'Administrator', '01-31-2024', '08:48:18 am'),
	(815, 'Manglallan, Derrick Daniel', 'Administrator', '01-31-2024', '08:52:34 am'),
	(816, 'Registrar, Administrator ', 'Administrator', '01-31-2024', '08:52:51 am'),
	(817, 'Registrar, Administrator ', 'Administrator', '01-31-2024', '08:53:19 am'),
	(818, 'Registrar, Administrator ', 'Administrator', '01-31-2024', '08:56:25 am'),
	(819, 'Registrar, Administrator ', 'Administrator', '01-31-2024', '08:59:10 am'),
	(820, 'Manglallan, Derrick Daniel', 'Administrator', '01-31-2024', '08:59:50 am'),
	(821, 'Registrar, Administrator ', 'Administrator', '01-31-2024', '09:00:14 am'),
	(822, 'Manglallan, Derrick Daniel', 'Administrator', '01-31-2024', '09:00:49 am'),
	(823, 'Manglallan, Derrick Daniel', 'Administrator', '01-31-2024', '09:03:45 am'),
	(824, 'Manglallan, Derrick Daniel', 'Administrator', '01-31-2024', '09:04:25 am'),
	(825, 'Manglallan, Derrick Daniel', 'Administrator', '01-31-2024', '09:05:05 am'),
	(826, 'Manglallan, Derrick Daniel', 'Administrator', '01-31-2024', '09:05:57 am'),
	(827, 'Manglallan, Derrick Daniel', 'Administrator', '01-31-2024', '09:07:07 am'),
	(828, 'Manglallan, Derrick Daniel', 'Administrator', '01-31-2024', '09:08:08 am'),
	(829, 'Manglallan, Derrick Daniel', 'Administrator', '01-31-2024', '09:48:03 am'),
	(830, 'Manglallan, Derrick Daniel', 'Administrator', '01-31-2024', '09:50:38 am'),
	(831, 'Manglallan, Derrick Daniel', 'Administrator', '01-31-2024', '09:51:54 am'),
	(832, 'Manglallan, Derrick Daniel', 'Administrator', '01-31-2024', '10:20:04 am'),
	(833, 'Manglallan, Derrick Daniel', 'Administrator', '01-31-2024', '10:45:36 am'),
	(834, 'Registrar, Administrator ', 'Administrator', '01-31-2024', '10:46:07 am'),
	(835, 'Manglallan, Derrick Daniel', 'Administrator', '01-31-2024', '10:46:20 am'),
	(836, 'Manglallan, Derrick Daniel', 'Administrator', '01-31-2024', '10:49:00 am'),
	(837, 'Manglallan, Derrick Daniel', 'Administrator', '01-31-2024', '10:51:11 am'),
	(838, 'Manglallan, Derrick Daniel', 'Administrator', '01-31-2024', '10:58:05 am'),
	(839, 'Manglallan, Derrick Daniel', 'Administrator', '01-31-2024', '10:58:40 am'),
	(840, 'Manglallan, Derrick Daniel', 'Administrator', '01-31-2024', '10:59:54 am'),
	(841, 'Manglallan, Derrick Daniel', 'Administrator', '01-31-2024', '03:25:18 pm'),
	(842, 'Registrar, Administrator ', 'Administrator', '01-31-2024', '03:25:34 pm'),
	(843, 'Manglallan, Derrick Daniel', 'Administrator', '02-06-2024', '09:05:08 am'),
	(844, 'Manglallan, Derrick Daniel', 'Administrator', '02-06-2024', '10:38:45 am'),
	(845, 'Manglallan, Derrick Daniel', 'Administrator', '02-06-2024', '10:43:18 am'),
	(846, 'Manglallan, Derrick Daniel', 'Administrator', '02-06-2024', '10:48:45 am'),
	(847, 'Manglallan, Derrick Daniel', 'Administrator', '02-06-2024', '10:54:46 am'),
	(848, 'Manglallan, Derrick Daniel', 'Administrator', '02-06-2024', '10:55:19 am'),
	(849, 'Manglallan, Derrick Daniel', 'Administrator', '02-06-2024', '10:58:41 am'),
	(850, 'Manglallan, Derrick Daniel', 'Administrator', '02-06-2024', '11:01:32 am'),
	(851, 'Manglallan, Derrick Daniel', 'Administrator', '02-06-2024', '01:14:05 pm'),
	(852, 'Manglallan, Derrick Daniel', 'Administrator', '02-06-2024', '01:17:09 pm'),
	(853, 'Manglallan, Derrick Daniel', 'Administrator', '02-06-2024', '01:18:29 pm'),
	(854, 'Manglallan, Derrick Daniel', 'Administrator', '02-06-2024', '01:19:25 pm'),
	(855, 'Manglallan, Derrick Daniel', 'Administrator', '02-06-2024', '01:20:04 pm'),
	(856, 'Manglallan, Derrick Daniel', 'Administrator', '02-06-2024', '01:20:54 pm'),
	(857, 'Manglallan, Derrick Daniel', 'Administrator', '02-06-2024', '01:23:45 pm'),
	(858, 'Manglallan, Derrick Daniel', 'Administrator', '02-06-2024', '01:27:34 pm'),
	(859, 'Registrar, Administrator ', 'Administrator', '02-06-2024', '01:28:26 pm'),
	(860, 'Registrar, Administrator ', 'Administrator', '02-06-2024', '01:38:12 pm'),
	(861, 'Manglallan, Derrick Daniel', 'Administrator', '02-06-2024', '01:39:15 pm'),
	(862, 'Registrar, Administrator ', 'Administrator', '02-06-2024', '01:39:28 pm'),
	(863, 'Registrar, Administrator ', 'Administrator', '02-06-2024', '01:42:34 pm'),
	(864, 'Registrar, Administrator ', 'Administrator', '02-06-2024', '01:45:10 pm'),
	(865, 'Manglallan, Derrick Daniel', 'Administrator', '02-06-2024', '01:46:11 pm'),
	(866, 'Manglallan, Derrick Daniel', 'Administrator', '02-06-2024', '01:49:37 pm'),
	(867, 'Manglallan, Derrick Daniel', 'Administrator', '02-06-2024', '01:51:18 pm'),
	(868, 'Registrar, Administrator ', 'Administrator', '02-06-2024', '01:56:53 pm'),
	(869, 'Manglallan, Derrick Daniel', 'Administrator', '02-06-2024', '01:57:52 pm'),
	(870, 'Manglallan, Derrick Daniel', 'Administrator', '02-06-2024', '02:03:18 pm'),
	(871, 'Registrar, Administrator ', 'Administrator', '02-06-2024', '02:03:48 pm'),
	(872, 'Manglallan, Derrick Daniel', 'Administrator', '02-06-2024', '02:03:54 pm'),
	(873, 'Manglallan, Derrick Daniel', 'Administrator', '02-06-2024', '02:05:08 pm'),
	(874, 'Manglallan, Derrick Daniel', 'Administrator', '02-06-2024', '02:09:38 pm'),
	(875, 'Registrar, Administrator ', 'Administrator', '02-06-2024', '02:14:09 pm'),
	(876, 'Registrar, Administrator ', 'Administrator', '02-06-2024', '02:17:58 pm'),
	(877, 'Manglallan, Derrick Daniel', 'Administrator', '02-06-2024', '02:23:25 pm'),
	(878, 'Manglallan, Derrick Daniel', 'Administrator', '02-06-2024', '02:24:26 pm'),
	(879, 'Registrar, Administrator ', 'Administrator', '02-06-2024', '02:31:45 pm'),
	(880, 'Manglallan, Derrick Daniel', 'Administrator', '02-06-2024', '08:13:51 pm'),
	(881, 'Registrar, Administrator ', 'Administrator', '02-06-2024', '08:13:57 pm'),
	(882, 'Manglallan, Derrick Daniel', 'Administrator', '02-06-2024', '08:14:10 pm'),
	(883, 'Registrar, Administrator ', 'Administrator', '02-06-2024', '08:15:29 pm'),
	(884, 'Manglallan, Derrick Daniel', 'Administrator', '02-06-2024', '08:18:14 pm'),
	(885, 'Manglallan, Derrick Daniel', 'Administrator', '02-06-2024', '08:28:40 pm'),
	(886, 'Manglallan, Derrick Daniel', 'Administrator', '02-06-2024', '08:36:50 pm'),
	(887, 'Registrar, Administrator ', 'Administrator', '02-06-2024', '08:40:01 pm'),
	(888, 'Registrar, Administrator ', 'Administrator', '02-06-2024', '08:41:33 pm'),
	(889, 'Registrar, Administrator ', 'Administrator', '02-06-2024', '08:44:42 pm'),
	(890, 'Registrar, Administrator ', 'Administrator', '02-06-2024', '08:45:41 pm'),
	(891, 'Registrar, Administrator ', 'Administrator', '02-06-2024', '08:56:05 pm'),
	(892, 'Registrar, Administrator ', 'Administrator', '02-06-2024', '10:11:23 pm'),
	(893, 'Manglallan, Derrick Daniel', 'Administrator', '02-06-2024', '10:13:19 pm'),
	(894, 'Registrar, Administrator ', 'Administrator', '02-06-2024', '10:13:24 pm'),
	(895, 'Registrar, Administrator ', 'Administrator', '02-06-2024', '10:14:09 pm'),
	(896, 'Registrar, Administrator ', 'Administrator', '02-06-2024', '10:26:07 pm'),
	(897, 'Manglallan, Derrick Daniel', 'Administrator', '02-06-2024', '10:33:07 pm'),
	(898, 'Registrar, Administrator ', 'Administrator', '02-06-2024', '10:33:19 pm'),
	(899, 'Manglallan, Derrick Daniel', 'Administrator', '02-06-2024', '10:34:28 pm'),
	(900, 'Registrar, Administrator ', 'Administrator', '02-06-2024', '10:34:37 pm'),
	(901, 'Registrar, Administrator ', 'Administrator', '02-06-2024', '10:36:12 pm'),
	(902, 'Registrar, Administrator ', 'Administrator', '02-06-2024', '10:38:16 pm'),
	(903, 'Registrar, Administrator ', 'Administrator', '02-06-2024', '10:41:14 pm'),
	(904, 'Registrar, Administrator ', 'Administrator', '02-06-2024', '10:42:42 pm'),
	(905, 'Registrar, Administrator ', 'Administrator', '02-06-2024', '10:44:45 pm'),
	(906, 'Registrar, Administrator ', 'Administrator', '02-06-2024', '10:55:55 pm'),
	(907, 'Registrar, Administrator ', 'Administrator', '02-06-2024', '10:56:29 pm'),
	(908, 'Registrar, Administrator ', 'Administrator', '02-06-2024', '10:58:07 pm'),
	(909, 'Registrar, Administrator ', 'Administrator', '02-06-2024', '10:58:51 pm'),
	(910, 'Registrar, Administrator ', 'Administrator', '02-06-2024', '10:59:53 pm'),
	(911, 'Registrar, Administrator ', 'Administrator', '02-07-2024', '04:25:13 pm'),
	(912, 'Registrar, Administrator ', 'Administrator', '02-08-2024', '09:16:17 am'),
	(913, 'Registrar, Administrator ', 'Administrator', '02-08-2024', '09:42:11 am'),
	(914, 'Registrar, Administrator ', 'Administrator', '02-08-2024', '09:43:24 am'),
	(915, 'Registrar, Administrator ', 'Administrator', '02-08-2024', '09:43:38 am'),
	(916, 'Registrar, Administrator ', 'Administrator', '02-08-2024', '09:44:34 am'),
	(917, 'Registrar, Administrator ', 'Administrator', '02-08-2024', '09:46:05 am'),
	(918, 'Registrar, Administrator ', 'Administrator', '02-08-2024', '09:47:03 am'),
	(919, 'Registrar, Administrator ', 'Administrator', '02-08-2024', '09:48:27 am'),
	(920, 'Registrar, Administrator ', 'Administrator', '02-08-2024', '09:49:26 am'),
	(921, 'Registrar, Administrator ', 'Administrator', '02-08-2024', '09:50:12 am'),
	(922, 'Registrar, Administrator ', 'Administrator', '02-08-2024', '09:54:21 am'),
	(923, 'Registrar, Administrator ', 'Administrator', '02-08-2024', '09:55:36 am'),
	(924, 'Registrar, Administrator ', 'Administrator', '02-08-2024', '09:57:19 am'),
	(925, 'Registrar, Administrator ', 'Administrator', '02-08-2024', '10:04:28 am'),
	(926, 'Registrar, Administrator ', 'Administrator', '02-08-2024', '10:07:27 am'),
	(927, 'Registrar, Administrator ', 'Administrator', '02-08-2024', '10:10:18 am'),
	(928, 'Registrar, Administrator ', 'Administrator', '02-08-2024', '10:17:03 am'),
	(929, 'Registrar, Administrator ', 'Administrator', '02-08-2024', '10:19:11 am'),
	(930, 'Registrar, Administrator ', 'Administrator', '02-08-2024', '10:29:11 am'),
	(931, 'Registrar, Administrator ', 'Administrator', '02-08-2024', '10:56:24 am'),
	(932, 'Registrar, Administrator ', 'Administrator', '02-08-2024', '10:57:54 am'),
	(933, 'Registrar, Administrator ', 'Administrator', '02-08-2024', '10:58:40 am'),
	(934, 'Registrar, Administrator ', 'Administrator', '02-08-2024', '10:59:06 am'),
	(935, 'Registrar, Administrator ', 'Administrator', '02-08-2024', '10:59:35 am'),
	(936, 'Registrar, Administrator ', 'Administrator', '02-08-2024', '11:02:06 am'),
	(937, 'Registrar, Administrator ', 'Administrator', '02-08-2024', '11:21:56 am'),
	(938, 'Registrar, Administrator ', 'Administrator', '02-08-2024', '11:22:30 am'),
	(939, 'Registrar, Administrator ', 'Administrator', '02-08-2024', '11:28:16 am'),
	(940, 'Registrar, Administrator ', 'Administrator', '02-08-2024', '11:28:53 am'),
	(941, 'Registrar, Administrator ', 'Administrator', '02-08-2024', '01:07:50 pm'),
	(942, 'Registrar, Administrator ', 'Administrator', '02-08-2024', '01:08:16 pm'),
	(943, 'Registrar, Administrator ', 'Administrator', '02-08-2024', '01:09:49 pm'),
	(944, 'Registrar, Administrator ', 'Administrator', '02-08-2024', '01:15:18 pm'),
	(945, 'Registrar, Administrator ', 'Administrator', '02-08-2024', '01:15:56 pm'),
	(946, 'Registrar, Administrator ', 'Administrator', '02-08-2024', '01:17:30 pm'),
	(947, 'Registrar, Administrator ', 'Administrator', '02-08-2024', '01:19:42 pm'),
	(948, 'Registrar, Administrator ', 'Administrator', '02-08-2024', '01:22:46 pm'),
	(949, 'Registrar, Administrator ', 'Administrator', '02-08-2024', '01:24:19 pm'),
	(950, 'Registrar, Administrator ', 'Administrator', '02-08-2024', '01:26:00 pm'),
	(951, 'Registrar, Administrator ', 'Administrator', '02-08-2024', '01:29:02 pm'),
	(952, 'Registrar, Administrator ', 'Administrator', '02-08-2024', '01:30:55 pm'),
	(953, 'Registrar, Administrator ', 'Administrator', '02-08-2024', '01:32:26 pm'),
	(954, 'Registrar, Administrator ', 'Administrator', '02-08-2024', '01:32:55 pm'),
	(955, 'Registrar, Administrator ', 'Administrator', '02-08-2024', '01:33:29 pm'),
	(956, 'Registrar, Administrator ', 'Administrator', '02-08-2024', '01:35:06 pm'),
	(957, 'Registrar, Administrator ', 'Administrator', '02-08-2024', '01:36:32 pm'),
	(958, 'Registrar, Administrator ', 'Administrator', '02-08-2024', '01:37:29 pm'),
	(959, 'Registrar, Administrator ', 'Administrator', '02-08-2024', '01:39:08 pm'),
	(960, 'Registrar, Administrator ', 'Administrator', '02-08-2024', '01:41:22 pm'),
	(961, 'Manglallan, Derrick Daniel', 'Administrator', '02-08-2024', '01:44:08 pm'),
	(962, 'Registrar, Administrator ', 'Administrator', '02-08-2024', '02:51:48 pm'),
	(963, 'Manglallan, Derrick Daniel', 'Administrator', '02-08-2024', '02:52:07 pm'),
	(964, 'Manglallan, Derrick Daniel', 'Administrator', '02-08-2024', '02:53:54 pm'),
	(965, 'Registrar, Administrator ', 'Administrator', '02-08-2024', '02:56:43 pm'),
	(966, 'Registrar, Administrator ', 'Administrator', '02-08-2024', '03:47:31 pm'),
	(967, 'Registrar, Administrator ', 'Administrator', '02-08-2024', '04:03:07 pm'),
	(968, 'Registrar, Administrator ', 'Administrator', '02-08-2024', '04:03:28 pm'),
	(969, 'Registrar, Administrator ', 'Administrator', '02-08-2024', '04:05:31 pm'),
	(970, 'Registrar, Administrator ', 'Administrator', '02-08-2024', '04:05:57 pm'),
	(971, 'Registrar, Administrator ', 'Administrator', '02-08-2024', '04:07:04 pm'),
	(972, 'Registrar, Administrator ', 'Administrator', '02-08-2024', '04:31:19 pm'),
	(973, 'Registrar, Administrator ', 'Administrator', '02-08-2024', '08:54:10 pm'),
	(974, 'Registrar, Administrator ', 'Administrator', '02-08-2024', '08:56:30 pm'),
	(975, 'Registrar, Administrator ', 'Administrator', '02-08-2024', '08:56:52 pm'),
	(976, 'Registrar, Administrator ', 'Administrator', '02-08-2024', '08:57:51 pm'),
	(977, 'Registrar, Administrator ', 'Administrator', '02-08-2024', '08:59:07 pm'),
	(978, 'Registrar, Administrator ', 'Administrator', '02-08-2024', '08:59:46 pm'),
	(979, 'Registrar, Administrator ', 'Administrator', '02-08-2024', '09:00:46 pm'),
	(980, 'Registrar, Administrator ', 'Administrator', '02-08-2024', '09:40:06 pm'),
	(981, 'Registrar, Administrator ', 'Administrator', '02-08-2024', '10:09:54 pm'),
	(982, 'Registrar, Administrator ', 'Administrator', '02-08-2024', '10:22:34 pm'),
	(983, 'Registrar, Administrator ', 'Administrator', '02-08-2024', '10:50:02 pm');

-- Dumping structure for table model_test_db.campuses
CREATE TABLE IF NOT EXISTS `campuses` (
  `id` int unsigned NOT NULL AUTO_INCREMENT,
  `code` varchar(255) NOT NULL,
  `description` varchar(255) NOT NULL,
  `address` varchar(255) NOT NULL,
  `status` varchar(255) NOT NULL,
  PRIMARY KEY (`id`) USING BTREE,
  UNIQUE KEY `code` (`code`)
) ENGINE=InnoDB AUTO_INCREMENT=9 DEFAULT CHARSET=utf8mb4 COLLATE=utf8mb4_0900_ai_ci;

-- Dumping data for table model_test_db.campuses: ~2 rows (approximately)
INSERT INTO `campuses` (`id`, `code`, `description`, `address`, `status`) VALUES
	(6, 'MCNP', 'MEDICAL COLLEGES OF NORTHERN PHILIPPINES', '', 'Active'),
	(7, 'ISAP', 'INTERNATIONAL SCHOOL OF ASIA AND THE PACIFIC', '', 'Active');

-- Dumping structure for table model_test_db.courses
CREATE TABLE IF NOT EXISTS `courses` (
  `id` bigint unsigned NOT NULL AUTO_INCREMENT,
  `code` varchar(50) NOT NULL,
  `description` varchar(255) NOT NULL,
  `level_id` int NOT NULL DEFAULT '0',
  `campus_id` int NOT NULL DEFAULT '0',
  `department_id` varchar(255) CHARACTER SET utf8mb4 COLLATE utf8mb4_0900_ai_ci NOT NULL,
  `max_units` int NOT NULL DEFAULT '0',
  `status` varchar(50) CHARACTER SET utf8mb4 COLLATE utf8mb4_0900_ai_ci NOT NULL DEFAULT '0',
  PRIMARY KEY (`id`),
  UNIQUE KEY `code` (`code`)
) ENGINE=InnoDB AUTO_INCREMENT=16 DEFAULT CHARSET=utf8mb4 COLLATE=utf8mb4_0900_ai_ci;

-- Dumping data for table model_test_db.courses: ~6 rows (approximately)
INSERT INTO `courses` (`id`, `code`, `description`, `level_id`, `campus_id`, `department_id`, `max_units`, `status`) VALUES
	(10, 'BSN', 'Bachelor of Science in Nursing', 7, 6, '11', 50, 'Active'),
	(11, 'BSCA', 'Bachelor of Science in Customs Administration', 7, 7, '10', 50, 'Active'),
	(12, 'BSPT', 'Bachelor of Science in Physical Therapy', 7, 6, '12', 50, 'Active'),
	(13, 'BSRT', 'Bachelor of Science in Radiologic Technology', 7, 6, '13', 50, 'Active'),
	(14, 'BSCOE', 'Bachelor of Science in Computer Engineering', 7, 7, '14', 50, 'Active'),
	(15, 'BSPharma', 'Bachelor of Science in Pharmacy', 7, 7, '11', 50, 'Active');

-- Dumping structure for table model_test_db.course_fees
CREATE TABLE IF NOT EXISTS `course_fees` (
  `id` int unsigned NOT NULL AUTO_INCREMENT,
  `course_code` varchar(50) NOT NULL,
  `course` varchar(50) NOT NULL,
  `year_level` varchar(50) NOT NULL,
  `fee_type` varchar(50) NOT NULL,
  `amount` decimal(20,3) NOT NULL DEFAULT '0.000',
  `remarks` varchar(50) NOT NULL,
  PRIMARY KEY (`id`)
) ENGINE=InnoDB AUTO_INCREMENT=17 DEFAULT CHARSET=utf8mb4 COLLATE=utf8mb4_0900_ai_ci;

-- Dumping data for table model_test_db.course_fees: ~0 rows (approximately)

-- Dumping structure for table model_test_db.curriculums
CREATE TABLE IF NOT EXISTS `curriculums` (
  `id` bigint unsigned NOT NULL AUTO_INCREMENT,
  `code` varchar(255) NOT NULL,
  `description` text NOT NULL,
  `campus_id` int NOT NULL DEFAULT '0',
  `course_id` int NOT NULL DEFAULT '0',
  `effective` varchar(50) NOT NULL,
  `expires` varchar(50) NOT NULL,
  `status` varchar(50) NOT NULL,
  PRIMARY KEY (`id`),
  UNIQUE KEY `code` (`code`)
) ENGINE=InnoDB AUTO_INCREMENT=15 DEFAULT CHARSET=utf8mb4 COLLATE=utf8mb4_0900_ai_ci;

-- Dumping data for table model_test_db.curriculums: ~4 rows (approximately)
INSERT INTO `curriculums` (`id`, `code`, `description`, `campus_id`, `course_id`, `effective`, `expires`, `status`) VALUES
	(11, 'BSCA 2021-2022', 'Bachelor of Science in Customs Administration', 7, 11, '01-01-2024', '31-01-2024', 'Active'),
	(12, 'BSPT 2021-2022', 'Bachelor of Science in Physical Therapy', 6, 12, '01-01-2024', '31-01-2024', 'Active'),
	(13, 'BSRT 2021-2022', 'Bachelor of Science in Radiologic Technology', 6, 13, '06-02-2024', '07-03-2024', ''),
	(14, 'BSCOE', 'Bachelor of Science in Computer Engineering', 7, 14, '01-02-2024', '29-02-2024', 'Active');

-- Dumping structure for table model_test_db.curriculum_subjects
CREATE TABLE IF NOT EXISTS `curriculum_subjects` (
  `id` bigint unsigned NOT NULL AUTO_INCREMENT,
  `uid` varchar(750) CHARACTER SET utf8mb4 COLLATE utf8mb4_0900_ai_ci NOT NULL,
  `curriculum_id` varchar(750) CHARACTER SET utf8mb4 COLLATE utf8mb4_0900_ai_ci NOT NULL,
  `year_level` varchar(50) NOT NULL,
  `semester` varchar(50) NOT NULL,
  `code` varchar(50) NOT NULL,
  `descriptive_title` text CHARACTER SET utf8mb4 COLLATE utf8mb4_0900_ai_ci NOT NULL,
  `total_units` varchar(50) NOT NULL,
  `lecture_units` varchar(50) NOT NULL,
  `lab_units` varchar(50) NOT NULL,
  `pre_requisite` varchar(750) CHARACTER SET utf8mb4 COLLATE utf8mb4_0900_ai_ci NOT NULL,
  `total_hrs_per_week` varchar(50) NOT NULL,
  PRIMARY KEY (`id`),
  UNIQUE KEY `curriculumIdCode` (`uid`) USING BTREE
) ENGINE=InnoDB AUTO_INCREMENT=772 DEFAULT CHARSET=utf8mb4 COLLATE=utf8mb4_0900_ai_ci;

-- Dumping data for table model_test_db.curriculum_subjects: ~150 rows (approximately)
INSERT INTO `curriculum_subjects` (`id`, `uid`, `curriculum_id`, `year_level`, `semester`, `code`, `descriptive_title`, `total_units`, `lecture_units`, `lab_units`, `pre_requisite`, `total_hrs_per_week`) VALUES
	(622, '12GEC 1', '12', '1', '1', 'GEC 1', 'Understanding the Self', '3', '3', '0', 'None', '3'),
	(623, 'BSPT 2021-2022GEC 8', '12', '1', '1', 'GEC 8', 'Ethics', '3', '3', '0', 'None', '3'),
	(624, 'BSPT 2021-2022GEC 7', '12', '1', '1', 'GEC 7', 'Science, Technology and Society', '3', '3', '0', 'None', '3'),
	(625, 'BSPT 2021-2022GEC 5', '12', '1', '1', 'GEC 5', 'Purposive Communication', '3', '3', '0', 'None', '3'),
	(626, 'BSPT 2021-2022PE 1', '12', '1', '1', 'PE 1', 'Physical Education 1 (wellness & fitness)', '2', '2', '0', 'None', '2'),
	(627, 'BSPT 2021-2022NSTP 1', '12', '1', '1', 'NSTP 1', 'National Service Training Program 1', '3', '3', '0', 'None', '3'),
	(628, 'BSPT 2021-2022FIL 1', '12', '1', '1', 'FIL 1', 'Panitikang Filipino', '3', '3', '0', 'None', '3'),
	(629, 'BSPT 2021-2022MT 100', '12', '1', '1', 'MT 100', 'Medical Terminology', '3', '3', '0', 'None', '3'),
	(630, 'BSPT 2021-2022NAT SCI 2', '12', '1', '1', 'NAT SCI 2', 'Zoology', '5', '3', '2', 'None', '9'),
	(631, 'BSPT 2021-2022MSCED 201', '12', '1', '1', 'MSCED 201', 'Advisorship Time 1', '0', '0', '0', 'None', '1'),
	(632, 'BSPT 2021-2022GEC 2', '12', '1', '2', 'GEC 2', 'Readings in Philippine History', '3', '3', '0', 'None', '3'),
	(633, 'BSPT 2021-2022GEC 3', '12', '1', '2', 'GEC 3', 'The Contemporary World', '3', '3', '0', 'None', '3'),
	(634, 'BSPT 2021-2022GEC 6', '12', '1', '2', 'GEC 6', 'Art Appreciation', '3', '3', '0', 'None', '3'),
	(635, 'BSPT 2021-2022GEC 9', '12', '1', '2', 'GEC 9', 'Rizal\'s Life and Works', '3', '3', '0', 'None', '3'),
	(636, 'BSPT 2021-2022GEC 4', '12', '1', '2', 'GEC 4', 'Mathematics in the Modern World', '3', '3', '0', 'None', '3'),
	(637, 'BSPT 2021-2022FIL 2', '12', '1', '2', 'FIL 2', 'Masining na Pagpapahayag', '3', '3', '0', 'None', '3'),
	(638, 'BSPT 2021-2022PE2', '12', '1', '2', 'PE2', 'Physical Education 2 (Rhythmic Activities)', '2', '2', '0', 'None', '2'),
	(639, 'BSPT 2021-2022NSTP 2', '12', '1', '2', 'NSTP 2', 'National Training Service Proram 2', '3', '3', '0', 'NSTP 1', '3'),
	(640, 'BSPT 2021-2022ANA I', '12', '1', '2', 'ANA I', 'Regional Anatomy', '5', '3', '2', 'MT 100, NAT 2', '9'),
	(641, 'BSPT 2021-2022PHYSIO 1', '12', '1', '2', 'PHYSIO 1', 'Systemic Physiology', '3', '3', '0', 'MT 100, NAT SCI 2', '3'),
	(642, 'BSPT 2021-2022MSCED 202', '12', '1', '2', 'MSCED 202', 'Advisorship Time', '0', '0', '0', 'None', '1'),
	(643, 'BSPT 2021-2022PT 1 ', '12', '1', '3', 'PT 1 ', 'Introduction to Physical Therapy', '3', '3', '0', 'Ana 1,Physio I,MT 100', '3'),
	(644, 'BSPT 2021-2022HUM 1', '12', '1', '3', 'HUM 1', 'Logic with Critical Thinking', '3', '3', '0', 'None', '3'),
	(645, 'BSPT 2021-2022GEN ELEC 1', '12', '1', '3', 'GEN ELEC 1', 'Living in the IT Era', '3', '3', '0', 'None', '3'),
	(646, 'BSPT 2021-2022GEN ELEC 2', '12', '1', '3', 'GEN ELEC 2', 'People and the Earth\'s Ecosystems', '3', '3', '0', 'None', '3'),
	(647, 'BSPT 2021-2022PE 3', '12', '2', '1', 'PE 3', 'Physical Education 3 (individual/Dual Sports)', '2', '2', '0', 'None', '2'),
	(648, 'BSPT 2021-2022ANA 2', '12', '2', '1', 'ANA 2', 'Applied Anatomy and Kinesiology', '5', '3', '2', 'Ana 1,Physio 1', '9'),
	(649, 'BSPT 2021-2022PSYCH', '12', '2', '1', 'PSYCH', 'Pychiatric Foundations', '3', '3', '0', '1st year subjects', '2'),
	(650, 'BSPT 2021-2022PT 201', '12', '2', '1', 'PT 201', 'Principles of PT Evaluation', '4', '2', '2', '1st year subjects', '8'),
	(651, 'BSPT 2021-2022HGD', '12', '2', '1', 'HGD', 'Human Development', '2', '2', '0', '1st year subjects', '2'),
	(652, 'BSPT 2021-2022CBR 201', '12', '2', '1', 'CBR 201', 'Community-Based Rehabilitation 1', '2', '2', '0', '1st year subjects', '2'),
	(653, 'BSPT 2021-2022STRAT', '12', '2', '1', 'STRAT', 'Teaching and Learning', '3', '2', '1', '1st year subjects', '5'),
	(654, 'BSPT 2021-2022PT 202', '12', '2', '1', 'PT 202', 'Physical Agents and Electrotherapy', '2', '1', '1', '1st year subjects', '4'),
	(655, 'BSPT 2021-2022MSCED 103', '12', '2', '1', 'MSCED 103', 'Advisorship Time', '0', '0', '0', 'None', '1'),
	(656, 'BSPT 2021-2022PE 4', '12', '2', '2', 'PE 4', 'Physical Education 4 (Team Sports)', '2', '2', '0', 'None', '2'),
	(657, 'BSPT 2021-2022MS 201', '12', '2', '2', 'MS 201', 'Orthopedic/Rheumatology/Sports PT 1', '3', '2', '1', '1st year subjects', '5'),
	(658, 'BSPT 2021-2022ANA 3', '12', '2', '2', 'ANA 3', 'Neuroanatomy', '3', '3', '0', 'ANA 2', '3'),
	(659, 'BSPT 2021-2022CBR 202', '12', '2', '2', 'CBR 202', 'Community Based Rehabilitation 2', '3', '2', '1', '1st year subjects', '5'),
	(660, 'BSPT 2021-2022MS 202', '12', '2', '2', 'MS 202', 'Neurologic PT', '3', '2', '0', '1st year subjects', '5'),
	(661, 'BSPT 2021-2022GERIA', '12', '2', '2', 'GERIA', 'Geriatric PT', '3', '2', '1', '1st year subjects', '5'),
	(662, 'BSPT 2021-2022O & A', '12', '2', '2', 'O & A', 'Organization and Administration', '3', '2', '1', '1st year subjects', '5'),
	(663, 'BSPT 2021-2022STRAT 2', '12', '2', '2', 'STRAT 2', 'Teaching and Learning 2  (mass education)', '2', '1', '1', '1st year subjects', '4'),
	(664, 'BSPT 2021-2022PT 203', '12', '2', '2', 'PT 203', 'Assistive technologies', '2', '1', '1', '1st year subjects', '4'),
	(665, 'BSPT 2021-2022PEDIA', '12', '2', '2', 'PEDIA', 'Pediatric PT', '3', '2', '1', '1st year subjects', '5'),
	(666, 'BSPT 2021-2022RESEARCH 1', '12', '2', '2', 'RESEARCH 1', 'Introduction to Research', '3', '3', '0', '1st year subjects', '3'),
	(667, 'BSPT 2021-2022MSCED 104', '12', '2', '2', 'MSCED 104', 'Advisorship Time', '0', '0', '0', 'None', '1'),
	(668, 'BSPT 2021-2022MS 203', '12', '2', '3', 'MS 203', 'Orthopedic/ Rheuma /Sports PT 2', '3', '1', '2', '1-2 year subjects', '7'),
	(669, 'BSPT 2021-2022PT 204', '12', '2', '3', 'PT 204', 'Wellness and Health Promotion 1', '2', '1', '1', '1-2 year subjects', '4'),
	(670, 'BSPT 2021-2022GEN ELEC 3', '12', '2', '3', 'GEN ELEC 3', 'Entrepreneurial Mind', '3', '3', '0', '1-2 year subjects', '3'),
	(671, 'BSPT 2021-2022COM DEV', '12', '2', '3', 'COM DEV', 'Community Development', '1', '1', '0', '1-2 year subjects', '1'),
	(672, 'BSPT 2021-2022MS 301', '12', '3', '1', 'MS 301', 'Orthopedic/Rheuma/ Sports PT 3', '3', '2', '1', '1-2 year subjects', '5'),
	(673, 'BSPT 2021-2022NEURO 1', '12', '3', '1', 'NEURO 1', 'Neurologic PT', '3', '1', '2', '1-2 year subjects', '7'),
	(674, 'BSPT 2021-2022CardioPulmo', '12', '3', '1', 'CardioPulmo', 'Cardiopulmonary PT', '3', '2', '1', '1-2 year subjects', '5'),
	(675, 'BSPT 2021-2022PT 301', '12', '3', '1', 'PT 301', 'Industrial Rehabilitation', '1', '1', '0', '1-2 year subjects', '1'),
	(676, 'BSPT 2021-2022RESEARCH 2', '12', '3', '1', 'RESEARCH 2', 'Research Proposal Writing', '2', '1', '1', '1-2 year subjects', '3'),
	(677, 'BSPT 2021-2022PT 302', '12', '3', '1', 'PT 302', 'Innovations in PT Service Delivery I (clinical system)', '1', '1', '0', '1-2 year subjects', '1'),
	(678, 'BSPT 2021-2022MS 302', '12', '3', '1', 'MS 302', 'Integumentary PT', '2', '1', '1', '1-2 year subjects', '4'),
	(679, 'BSPT 2021-2022MSCED 105', '12', '3', '1', 'MSCED 105', 'Advisorship Time 5', '0', '0', '0', 'None', '1'),
	(680, 'BSPT 2021-2022PT 303', '12', '3', '2', 'PT 303', 'Wellness and Health Promotion 2', '3', '2', '1', '1-2 year subjects', '5'),
	(681, 'BSPT 2021-2022INFORMATICS', '12', '3', '2', 'INFORMATICS', 'Health Informatics', '3', '2', '1', '1-2 year subjects', '5'),
	(682, 'BSPT 2021-2022RESEARCH 3', '12', '3', '2', 'RESEARCH 3', 'Research Implementation', '3', '1', '2', '1-2 year subjects', '7'),
	(683, 'BSPT 2021-2022PT 304', '12', '3', '2', 'PT 304', 'Innovations in PT service Delivery2 (non clinical)', '2', '2', '0', '1-2 year subjects', '2'),
	(684, 'BSPT 2021-2022PT 305', '12', '3', '2', 'PT 305', 'Seminar', '2', '0', '2', '1-2 year subjects', '6'),
	(685, 'BSPT 2021-2022PROF ETH', '12', '3', '2', 'PROF ETH', 'Professional Ethics', '6', '6', '0', '1-2 year subjects', '6'),
	(686, 'BSPT 2021-2022MSCED 106', '12', '3', '2', 'MSCED 106', 'Advisorship Time 6', '0', '0', '0', 'None', '1'),
	(687, 'BSPT 2021-2022PT 306', '12', '3', '3', 'PT 306', 'Health and Social Media', '1', '1', '0', '1-3 year subjects', '1'),
	(688, 'BSPT 2021-2022RESEARCH 4', '12', '3', '3', 'RESEARCH 4', 'Research Dissemination', '2', '1', '1', '1-3 year subjects', '4'),
	(689, 'BSPT 2021-2022CA 1', '12', '3', '3', 'CA 1', 'Competency Appraisal 1', '2', '2', '0', '1-3 year subjects', '2'),
	(690, 'BSPT 2021-2022INTERNSHIP 1', '12', '4', '1', 'INTERNSHIP 1', 'Internship 1', '6', '0', '6', '1-3 year subjects', ''),
	(691, 'BSPT 2021-2022INTERNSHIP 2', '12', '4', '1', 'INTERNSHIP 2', 'Internship 2', '6', '0', '6', '1-3 year subjects', ''),
	(692, 'BSPT 2021-2022RESEARCH 5', '12', '4', '1', 'RESEARCH 5', 'Research Translation and Writing for Publication', '2', '2', '0', '1-3 year subjects', '2'),
	(693, 'BSPT 2021-2022CA 2', '12', '4', '1', 'CA 2', 'Competency Appraisal 2', '2', '2', '0', '1-3 year subjects', '2'),
	(694, 'BSPT 2021-2022MSCED 107', '12', '4', '1', 'MSCED 107', 'Advisorship Time 7', '0', '0', '0', 'None', '1'),
	(695, 'BSPT 2021-2022INTERNSHIP 3', '12', '4', '2', 'INTERNSHIP 3', 'Internship 3', '9', '0', '9', '1-3 year subjects', ''),
	(696, 'BSPT 2021-2022INTERNSHIP 4', '12', '4', '2', 'INTERNSHIP 4', 'Internship 4', '9', '0', '9', '1-3 year subjects', ''),
	(697, 'BSPT 2021-2022CA 3', '12', '4', '2', 'CA 3', 'Competency Appraisal 3', '2', '2', '0', '1-3 year subjects', '2'),
	(698, 'BSPT 2021-2022MSCED 108', '12', '4', '2', 'MSCED 108', 'Advisorship Time 8', '0', '0', '0', 'None', '1'),
	(699, '13GEC 1', '13', '1', '1', 'GEC 1', 'Understanding the Self', '3', '3', '0', 'None', '3'),
	(700, '13GEC 2', '13', '1', '1', 'GEC 2', 'Readings in Philippine History ', '3', '3', '0', 'None', '3'),
	(701, 'BSRT 2021-2022GEC 3', '13', '1', '1', 'GEC 3', 'The Contemporary World', '3', '3', '0', 'None', '3'),
	(702, 'BSRT 2021-2022GEC 7', '13', '1', '1', 'GEC 7', 'Science, Technology and Society', '3', '3', '0', 'None', '3'),
	(703, 'BSRT 2021-2022GEC 5', '13', '1', '1', 'GEC 5', 'Purposive Communication', '3', '3', '0', 'None', '3'),
	(704, 'BSRT 2021-2022RT 100', '13', '1', '1', 'RT 100', 'Introduction to Radiologic Technology and Health Care', '3', '3', '0', 'None', '3'),
	(705, 'BSRT 2021-2022PATHFit 1', '13', '1', '1', 'PATHFit 1', 'Physical Activities Towards Health & Fitness: Movement Competency Training', '2', '2', '0', 'None', '2'),
	(706, 'BSRT 2021-2022NSTP 1', '13', '1', '1', 'NSTP 1', 'National Service Training Program 1', '3', '3', '0', 'None', '3'),
	(707, 'BSRT 2021-2022MSCED 201', '13', '1', '1', 'MSCED 201', 'Advisorship Program 1', '0', '0', '0', 'None', '0'),
	(708, 'BSRT 2021-2022GEC 4', '13', '1', '2', 'GEC 4', 'Math in the Modern World', '3', '3', '0', 'None', '3'),
	(709, 'BSRT 2021-2022GEC 8', '13', '1', '2', 'GEC 8', 'Ethics', '3', '3', '0', 'None', '3'),
	(710, 'BSRT 2021-2022GEC 9', '13', '1', '2', 'GEC 9', 'Rizal\'s Life and Works', '3', '3', '0', 'None', '3'),
	(711, 'BSRT 2021-2022GEC ELEC 1', '13', '1', '2', 'GEC ELEC 1', 'People and the Earth\'s Ecosystem', '3', '3', '0', 'None', '3'),
	(712, 'BSRT 2021-2022RT 101', '13', '1', '2', 'RT 101', 'Radiation Production and Characteristics', '3', '2', '1', 'RT 100', '5'),
	(713, 'BSRT 2021-2022RTCH 1', '13', '1', '2', 'RTCH 1', 'Medical Terminology', '3', '3', '0', 'None', '3'),
	(714, 'BSRT 2021-2022PATHFit 2', '13', '1', '2', 'PATHFit 2', 'Physical Activities Towards Health & Fitness: Exercise-based Fitness Activities', '2', '2', '0', 'PATHFit 1', '2'),
	(715, 'BSRT 2021-2022NSTP 2', '13', '1', '2', 'NSTP 2', 'National Service Training Program 2', '3', '3', '0', 'NSTP 1', '3'),
	(716, 'BSRT 2021-2022MSCED 202', '13', '1', '2', 'MSCED 202', 'Advisorship Program 2', '0', '0', '0', 'AP 1', '1'),
	(717, 'BSRT 2021-2022RTCH 2', '13', '1', '3', 'RTCH 2', 'Statistics', '3', '3', '0', 'None', '3'),
	(718, 'BSRT 2021-2022GEC ELEC 2', '13', '1', '3', 'GEC ELEC 2', 'Entrepreneurial Mind', '3', '3', '0', 'None', '3'),
	(719, 'BSRT 2021-2022GECL ELEC 3', '13', '1', '3', 'GECL ELEC 3', 'Living in the IT Era', '3', '3', '0', 'None', '3'),
	(720, 'BSRT 2021-2022GEC 6', '13', '2', '1', 'GEC 6', 'Art Appreciation', '3', '3', '0', 'None', '3'),
	(721, 'BSRT 2021-2022RT 102', '13', '2', '1', 'RT 102', 'Imaging equipment and maintenance', '3', '3', '0', 'RT 101', '3'),
	(722, 'BSRT 2021-2022RT 103', '13', '2', '1', 'RT 103', 'Film Screen Image Acquisition, Processing and image analysis', '3', '2', '1', 'RT 101', '5'),
	(723, 'BSRT 2021-2022RT 104', '13', '2', '1', 'RT 104', 'Administration, Leadership and Entrepreneurship', '3', '3', '0', 'RT 100, RT 101', '3'),
	(724, 'BSRT 2021-2022RT 105', '13', '2', '1', 'RT 105', 'Computed radiography and Digital Radiography', '3', '3', '0', 'RT 101', '3'),
	(725, 'BSRT 2021-2022RTCH 3', '13', '2', '1', 'RTCH 3', 'Human Anatomy and Physiology', '5', '3', '2', 'RTCHI 1', '9'),
	(726, 'BSRT 2021-2022RTCH 4', '13', '2', '1', 'RTCH 4', 'Introduction to Research', '3', '3', '0', 'RTCH 2', '3'),
	(727, 'BSRT 2021-2022PATHFit 3', '13', '2', '1', 'PATHFit 3', 'Physical Activities Towards Health & Fitness: Sports', '2', '2', '0', 'PATHFit 2', '2'),
	(728, 'BSRT 2021-2022MSCED 103', '13', '2', '1', 'MSCED 103', 'Advisorship Program 3', '0', '0', '0', 'none', '0'),
	(729, 'BSRT 2021-2022RT 106', '13', '2', '2', 'RT 106', 'Radiobiology', '3', '3', '0', 'RT 102, RT 103, RT 105', '3'),
	(730, 'BSRT 2021-2022RT 107', '13', '2', '2', 'RT 107', 'Patient Care and Management', '3', '2', '1', 'RT 104, RTCH 3', '5'),
	(731, 'BSRT 2021-2022Rt 108', '13', '2', '2', 'Rt 108', 'Radiographic Positioning & Radiologic Procedures 1', '4', '3', '1', 'RT 102, RT 103, RT 104, RT 105, RTCH 3', '6'),
	(732, 'BSRT 2021-2022INSTI 1', '13', '2', '2', 'INSTI 1', 'Pathophysiology', '3', '3', '0', 'RTCH 3', '3'),
	(733, 'BSRT 2021-2022RT 109', '13', '2', '2', 'RT 109', 'Principles of imaging', '3', '2', '1', 'RT 102, RT 103, RT105', '5'),
	(734, 'BSRT 2021-2022RT 110', '13', '2', '2', 'RT 110', 'Imaging science Informatics', '3', '3', '0', 'RT 102, RT 105', '3'),
	(735, 'BSRT 2021-2022RT 111', '13', '2', '2', 'RT 111', 'Professional Ethics Jurisprudence and cultural sensitivity', '3', '3', '0', 'RT 104', '3'),
	(736, 'BSRT 2021-2022Rt112', '13', '2', '2', 'Rt112', 'Mammography', '2', '2', '0', 'RT 102, RT 103, RTCH 3', '2'),
	(737, 'BSRT 2021-2022PATHFit 4', '13', '2', '2', 'PATHFit 4', 'Physical Activities Towards Health & Fitness: Dance', '2', '2', '0', 'PATHFit 3', '2'),
	(738, 'BSRT 2021-2022MSCED 4', '13', '2', '2', 'MSCED 4', 'Advisorship Program 4', '0', '0', '3', 'None', '0'),
	(739, 'BSRT 2021-2022RT 113', '13', '3', '1', 'RT 113', 'Radiographic Positioning and Radiologic Procedures 2', '4', '3', '1', 'RT 108, RTCH 3, RT107, RT106, RT 111', '6'),
	(740, 'BSRT 2021-2022RT 114', '13', '3', '1', 'RT 114', 'Radiologic Contrast Examinations', '3', '2', '1', 'RT 107', '5'),
	(741, 'BSRT 2021-2022RT 115', '13', '3', '1', 'RT 115', 'Radiation Protection', '3', '3', '0', 'RT 106', '3'),
	(742, 'BSRT 2021-2022RT 116', '13', '3', '1', 'RT 116', 'Pharmacology and Venipuncture', '3', '2', '1', 'RT 107, RT 111', '5'),
	(743, 'BSRT 2021-2022RT 117', '13', '3', '1', 'RT 117', 'Utrasonography', '3', '3', '0', 'RT 102, RT 109', '3'),
	(744, 'BSRT 2021-2022RT 118', '13', '3', '1', 'RT 118', 'Interventional Radiology', '3', '3', '0', 'RT 102, RT 109', '3'),
	(745, 'BSRT 2021-2022RT 119', '13', '3', '1', 'RT 119', 'Computed Tomography', '3', '3', '0', 'RT 102, RT 109', '3'),
	(746, 'BSRT 2021-2022RTCH 5', '13', '3', '1', 'RTCH 5', 'Research Writing', '3', '3', '0', 'RTCH 4', '3'),
	(747, 'BSRT 2021-2022MSCED 105', '13', '3', '1', 'MSCED 105', 'Advisorship Program 5', '0', '0', '0', 'None', '0'),
	(748, 'BSRT 2021-2022RT 120', '13', '3', '2', 'RT 120', 'Radiologic Pathology', '3', '3', 'o', 'RTCH 3, RT 109', '3'),
	(749, 'BSRT 2021-2022RT 121', '13', '3', '2', 'RT 121', 'Radiographic Anatomy and Physiology', '4', '3', '1', 'RT 108, RT 113, RT 114', '6'),
	(750, 'BSRT 2021-2022RT 122', '13', '3', '2', 'RT 122', 'Magnetic Resonance Imaging', '3', '3', 'o', 'RT 102, RT 109', '3'),
	(751, 'BSRT 2021-2022RT 123', '13', '3', '2', 'RT 123', 'Radiation Therapy', '3', '3', 'o', 'RT 102, RT 109', '3'),
	(752, 'BSRT 2021-2022RT 124', '13', '3', '2', 'RT 124', 'Nuclear Medicine', '3', '3', 'o', 'RT 102, RT 109', '3'),
	(753, 'BSRT 2021-2022RT 125', '13', '3', '2', 'RT 125', 'Quality Assurance and Quality Control', '3', '2', '1', 'RT 102, RT 103, RT 105, RT 109, RT 110', '5'),
	(754, 'BSRT 2021-2022MSCED 106', '13', '3', '2', 'MSCED 106', 'Advisorship Program 6', 'o', 'o', 'o', 'None', '1'),
	(755, 'BSRT 2021-2022INSTI 2', '13', '3', '2', 'INSTI 2', 'PRE-INTERNSHIP', '3', '1', '2', 'RT,108, RT 113,RT 114, RT 107, RT 106, RT 115', ''),
	(756, 'BSRT 2021-2022ITP 1', '13', '', '1', 'ITP 1', 'Clinical Education Program 1', '18', 'o', '18', 'Prof. Subj.', '40'),
	(757, 'BSRT 2021-2022INSTI 3', '13', '4', '1', 'INSTI 3', 'Competency Appraisal 1', '3', '3', 'o', 'Prof. Subj.', '3'),
	(758, 'BSRT 2021-2022ITP 2', '13', '4', '2', 'ITP 2', 'Clinical Education Program 2', '18', 'o', '18', 'Prof. Subj', '40'),
	(759, 'BSRT 2021-2022INSTI 4', '13', '4', '2', 'INSTI 4', 'Competency Appraisal 2', '3', '3', 'o', 'INSTI 3', '3'),
	(760, 'BSCOEGEC 1', '14', '1', '1', 'GEC 1', 'Mathematics in the Modern World', '3', '3', '0', 'None', '3'),
	(761, 'BSCOEGEC 7', '14', '1', '1', 'GEC 7', 'Science, Technology and Society', '3', '3', '0', 'None', '3'),
	(762, 'BSCOEMATH 1', '14', '1', '1', 'MATH 1', 'Calculus 1', '3', '3', '0', 'None', '3'),
	(763, 'BSCOENS 1', '14', '1', '1', 'NS 1', 'Chemistry for Engineers', '4', '3', '1', 'None', '6'),
	(764, 'BSCOECPE 1', '14', '1', '1', 'CPE 1', 'Programming Logic and Design', '2', '0', '2', 'None', '6'),
	(765, 'BSCOECPE 2', '14', '1', '1', 'CPE 2', 'Computer Engineering as a Discipline', '1', '1', '0', 'None', '1'),
	(766, 'BSCOEPE 1', '14', '1', '1', 'PE 1', 'Physical Education 1', '2', '2', '0', 'None', '2'),
	(767, 'BSCOENSTP 1', '14', '1', '1', 'NSTP 1', 'National Service Training Program 1', '3', '3', '0', 'None', '3'),
	(768, 'BSCOEMATH 100', '14', '1', '1', 'MATH 100', 'Trigonometry w/ Analytic Geometry', '3', '3', '0', 'None', '3'),
	(769, 'BSCOENAT Sci 1', '14', '1', '1', 'NAT Sci 1', 'College Physics', '5', '3', '2', 'NONE', '9'),
	(770, 'BSCOEMSCED 201', '14', '1', '1', 'MSCED 201', 'Advisorship Time 1', '0', '0', '0', 'None', '1'),
	(771, 'BSCOEGEC 2', '14', '1', '2', 'GEC 2', 'Readings in Philippine History', '3', '3', '0', 'NONE', '3');

-- Dumping structure for table model_test_db.departments
CREATE TABLE IF NOT EXISTS `departments` (
  `id` bigint unsigned NOT NULL AUTO_INCREMENT,
  `code` varchar(255) NOT NULL,
  `description` varchar(255) NOT NULL,
  `campus_id` int NOT NULL DEFAULT '0',
  PRIMARY KEY (`id`),
  UNIQUE KEY `code` (`code`)
) ENGINE=InnoDB AUTO_INCREMENT=15 DEFAULT CHARSET=utf8mb4 COLLATE=utf8mb4_0900_ai_ci;

-- Dumping data for table model_test_db.departments: ~5 rows (approximately)
INSERT INTO `departments` (`id`, `code`, `description`, `campus_id`) VALUES
	(10, 'CBEM', 'College of Business Education Management', 6),
	(11, 'NURSING', 'College of Nursing', 6),
	(12, 'PHYSICAL-THERAPY', 'PHYSICAL-THERAPY', 6),
	(13, 'RADTECH', 'RADTECH', 6),
	(14, 'CITE', 'College of Information Technology and Engineering', 7);

-- Dumping structure for table model_test_db.discount_setup
CREATE TABLE IF NOT EXISTS `discount_setup` (
  `id` int unsigned NOT NULL AUTO_INCREMENT,
  `code` varchar(50) NOT NULL,
  `discount_target` varchar(50) NOT NULL,
  `description` text CHARACTER SET utf8mb4 COLLATE utf8mb4_0900_ai_ci NOT NULL,
  `discount_percentage` int NOT NULL DEFAULT '0',
  PRIMARY KEY (`id`)
) ENGINE=InnoDB AUTO_INCREMENT=14 DEFAULT CHARSET=utf8mb4 COLLATE=utf8mb4_0900_ai_ci;

-- Dumping data for table model_test_db.discount_setup: ~3 rows (approximately)
INSERT INTO `discount_setup` (`id`, `code`, `discount_target`, `description`, `discount_percentage`) VALUES
	(11, 'TOP 1', 'Tuition Fee', '100% DISCOUNT TUITION AND MISCELLANEOUS', 100),
	(12, 'TOP 1', 'Miscellaneous Fee', '100% DISCOUNT TUITION AND MISCELLANEOUS', 100),
	(13, 'TOP 2', 'Tuition Fee', '100% TUITION', 100);

-- Dumping structure for table model_test_db.fee_breakdown
CREATE TABLE IF NOT EXISTS `fee_breakdown` (
  `id` int unsigned NOT NULL AUTO_INCREMENT,
  `id_number_id` int DEFAULT NULL,
  `school_year_id` int DEFAULT NULL,
  `downpayment` decimal(20,2) DEFAULT NULL,
  `prelim` decimal(20,2) DEFAULT NULL,
  `midterm` decimal(20,2) DEFAULT NULL,
  `semi_finals` decimal(20,2) DEFAULT NULL,
  `finals` decimal(20,2) DEFAULT NULL,
  `total` decimal(20,2) DEFAULT NULL,
  `downpayment_original` decimal(20,2) DEFAULT NULL,
  `prelim_original` decimal(20,2) DEFAULT NULL,
  `midterm_original` decimal(20,2) DEFAULT NULL,
  `semi_finals_original` decimal(20,2) DEFAULT NULL,
  `finals_original` decimal(20,2) DEFAULT NULL,
  `total_original` decimal(20,2) DEFAULT NULL,
  PRIMARY KEY (`id`)
) ENGINE=InnoDB AUTO_INCREMENT=21 DEFAULT CHARSET=utf8mb4 COLLATE=utf8mb4_0900_ai_ci;

-- Dumping data for table model_test_db.fee_breakdown: ~3 rows (approximately)
INSERT INTO `fee_breakdown` (`id`, `id_number_id`, `school_year_id`, `downpayment`, `prelim`, `midterm`, `semi_finals`, `finals`, `total`, `downpayment_original`, `prelim_original`, `midterm_original`, `semi_finals_original`, `finals_original`, `total_original`) VALUES
	(18, 171, 9, 201.67, 201.67, 201.67, 201.67, 201.67, 1008.35, 201.67, 201.67, 201.67, 201.67, 201.67, 1008.35),
	(19, 172, 9, 201.67, 201.67, 201.67, 201.67, 201.67, 1008.35, 201.67, 201.67, 201.67, 201.67, 201.67, 1008.35),
	(20, 173, 9, 1942.47, 1942.47, 1942.47, 1942.47, 1942.47, 9712.35, 1942.47, 1942.47, 1942.47, 1942.47, 1942.47, 9712.35);

-- Dumping structure for table model_test_db.fee_summary
CREATE TABLE IF NOT EXISTS `fee_summary` (
  `id` int unsigned NOT NULL AUTO_INCREMENT,
  `id_number_id` int NOT NULL DEFAULT '0',
  `school_year_id` int NOT NULL DEFAULT '0',
  `current_assessment` decimal(20,2) unsigned NOT NULL DEFAULT '0.00',
  `discounts` decimal(20,2) unsigned NOT NULL DEFAULT '0.00',
  `previous_balance` decimal(20,2) unsigned NOT NULL DEFAULT '0.00',
  `current_receivable` decimal(20,2) unsigned NOT NULL DEFAULT '0.00',
  PRIMARY KEY (`id`)
) ENGINE=InnoDB AUTO_INCREMENT=11 DEFAULT CHARSET=utf8mb4 COLLATE=utf8mb4_0900_ai_ci;

-- Dumping data for table model_test_db.fee_summary: ~0 rows (approximately)

-- Dumping structure for table model_test_db.fee_type
CREATE TABLE IF NOT EXISTS `fee_type` (
  `id` int unsigned NOT NULL AUTO_INCREMENT,
  `course` varchar(50) CHARACTER SET utf8mb4 COLLATE utf8mb4_0900_ai_ci NOT NULL,
  `year_level` varchar(50) CHARACTER SET utf8mb4 COLLATE utf8mb4_0900_ai_ci NOT NULL,
  `category` varchar(50) NOT NULL,
  `description` varchar(50) NOT NULL,
  `total` decimal(20,3) NOT NULL DEFAULT '0.000',
  PRIMARY KEY (`id`)
) ENGINE=InnoDB DEFAULT CHARSET=utf8mb4 COLLATE=utf8mb4_0900_ai_ci;

-- Dumping data for table model_test_db.fee_type: ~0 rows (approximately)

-- Dumping structure for table model_test_db.instructors
CREATE TABLE IF NOT EXISTS `instructors` (
  `id` int unsigned NOT NULL AUTO_INCREMENT,
  `fullname` varchar(255) NOT NULL,
  `department_id` int NOT NULL DEFAULT '0',
  `position` varchar(255) NOT NULL,
  PRIMARY KEY (`id`)
) ENGINE=InnoDB AUTO_INCREMENT=6 DEFAULT CHARSET=utf8mb4 COLLATE=utf8mb4_0900_ai_ci;

-- Dumping data for table model_test_db.instructors: ~0 rows (approximately)
INSERT INTO `instructors` (`id`, `fullname`, `department_id`, `position`) VALUES
	(4, 'No Instructor Assigned', 10, 'N/A');

-- Dumping structure for table model_test_db.lab_fee_setup
CREATE TABLE IF NOT EXISTS `lab_fee_setup` (
  `id` int unsigned NOT NULL AUTO_INCREMENT,
  `uid` varchar(750) CHARACTER SET utf8mb4 COLLATE utf8mb4_0900_ai_ci NOT NULL,
  `category` varchar(50) NOT NULL,
  `description` text CHARACTER SET utf8mb4 COLLATE utf8mb4_0900_ai_ci NOT NULL,
  `campus_id` varchar(50) NOT NULL,
  `level_id` varchar(50) NOT NULL,
  `year_level` varchar(50) NOT NULL,
  `semester` varchar(50) NOT NULL,
  `amount` decimal(18,2) NOT NULL DEFAULT '0.00',
  PRIMARY KEY (`id`)
) ENGINE=InnoDB AUTO_INCREMENT=12 DEFAULT CHARSET=utf8mb4 COLLATE=utf8mb4_0900_ai_ci;

-- Dumping data for table model_test_db.lab_fee_setup: ~0 rows (approximately)
INSERT INTO `lab_fee_setup` (`id`, `uid`, `category`, `description`, `campus_id`, `level_id`, `year_level`, `semester`, `amount`) VALUES
	(11, 'Laboratory FeeNursing Laboratory6711', 'Laboratory Fee', 'Nursing Laboratory', '6', '7', '1', '1', 123.00);

-- Dumping structure for table model_test_db.lab_fee_subjects
CREATE TABLE IF NOT EXISTS `lab_fee_subjects` (
  `id` int unsigned NOT NULL AUTO_INCREMENT,
  `lab_fee_id` int NOT NULL DEFAULT '0',
  `subject_code` varchar(50) CHARACTER SET utf8mb4 COLLATE utf8mb4_0900_ai_ci NOT NULL,
  `descriptive_title` text CHARACTER SET utf8mb4 COLLATE utf8mb4_0900_ai_ci,
  PRIMARY KEY (`id`),
  UNIQUE KEY `subject_code` (`subject_code`)
) ENGINE=InnoDB AUTO_INCREMENT=4 DEFAULT CHARSET=utf8mb4 COLLATE=utf8mb4_0900_ai_ci;

-- Dumping data for table model_test_db.lab_fee_subjects: ~0 rows (approximately)
INSERT INTO `lab_fee_subjects` (`id`, `lab_fee_id`, `subject_code`, `descriptive_title`) VALUES
	(3, 11, 'NAT SCI 2', 'Zoology');

-- Dumping structure for table model_test_db.levels
CREATE TABLE IF NOT EXISTS `levels` (
  `id` bigint unsigned NOT NULL AUTO_INCREMENT,
  `code` varchar(255) NOT NULL,
  `description` varchar(255) NOT NULL,
  `status` varchar(255) NOT NULL,
  PRIMARY KEY (`id`),
  UNIQUE KEY `code` (`code`)
) ENGINE=InnoDB AUTO_INCREMENT=11 DEFAULT CHARSET=utf8mb4 COLLATE=utf8mb4_0900_ai_ci;

-- Dumping data for table model_test_db.levels: ~2 rows (approximately)
INSERT INTO `levels` (`id`, `code`, `description`, `status`) VALUES
	(7, 'COL', 'COLLEGE', 'Active'),
	(8, 'JHS', 'Junior High School', 'Active'),
	(9, 'SHS', 'Senior High School', 'Active');

-- Dumping structure for table model_test_db.miscellaneous_fee_setup
CREATE TABLE IF NOT EXISTS `miscellaneous_fee_setup` (
  `id` int unsigned NOT NULL AUTO_INCREMENT,
  `uid` varchar(750) NOT NULL DEFAULT '0',
  `category` varchar(100) NOT NULL DEFAULT '0',
  `description` text NOT NULL,
  `campus_id` varchar(50) NOT NULL DEFAULT '0',
  `level_id` varchar(50) NOT NULL DEFAULT '0',
  `year_level` varchar(50) NOT NULL DEFAULT '0',
  `semester` varchar(50) NOT NULL DEFAULT '0',
  `amount` decimal(18,2) NOT NULL DEFAULT '0.00',
  PRIMARY KEY (`id`),
  UNIQUE KEY `uid` (`uid`)
) ENGINE=InnoDB AUTO_INCREMENT=30 DEFAULT CHARSET=utf8mb4 COLLATE=utf8mb4_0900_ai_ci;

-- Dumping data for table model_test_db.miscellaneous_fee_setup: ~3 rows (approximately)
INSERT INTO `miscellaneous_fee_setup` (`id`, `uid`, `category`, `description`, `campus_id`, `level_id`, `year_level`, `semester`, `amount`) VALUES
	(25, 'Miscellaneous Fee6PE Uniform711', 'Miscellaneous Fee', 'PE Uniform', '6', '7', '1', '1', 123.00),
	(28, 'Miscellaneous Fee6POWER FEE711', 'Miscellaneous Fee', 'POWER FEE', '6', '7', '1', '1', 563.12),
	(29, 'Miscellaneous Fee6INTERNET FEE711', 'Miscellaneous Fee', 'INTERNET FEE', '6', '7', '1', '1', 563.12);

-- Dumping structure for table model_test_db.other_fees
CREATE TABLE IF NOT EXISTS `other_fees` (
  `id` int unsigned NOT NULL AUTO_INCREMENT,
  `uid` varchar(750) NOT NULL DEFAULT '0',
  `category` varchar(100) NOT NULL,
  `description` varchar(100) NOT NULL,
  `campus_id` varchar(100) CHARACTER SET utf8mb4 COLLATE utf8mb4_0900_ai_ci NOT NULL,
  `level_id` varchar(100) NOT NULL,
  `year_level` varchar(100) NOT NULL,
  `semester` varchar(100) NOT NULL,
  `amount` decimal(18,2) NOT NULL DEFAULT '0.00',
  PRIMARY KEY (`id`),
  UNIQUE KEY `uid` (`uid`)
) ENGINE=InnoDB AUTO_INCREMENT=10 DEFAULT CHARSET=utf8mb4 COLLATE=utf8mb4_0900_ai_ci;

-- Dumping data for table model_test_db.other_fees: ~4 rows (approximately)
INSERT INTO `other_fees` (`id`, `uid`, `category`, `description`, `campus_id`, `level_id`, `year_level`, `semester`, `amount`) VALUES
	(6, 'Other Fee6Learning Management System711', 'Other Fee', 'Learning Management System', '6', '7', '1', '1', 465.23),
	(7, 'Other Fee6Student Management System711', 'Other Fee', 'Student Management System', '6', '7', '1', '1', 543.12),
	(8, 'Other Fee7Student Management System711', 'Other Fee', 'Student Management System', '7', '7', '1', '1', 543.12),
	(9, 'Other Fee7Learning Management System711', 'Other Fee', 'Learning Management System', '7', '7', '1', '1', 345.12);

-- Dumping structure for table model_test_db.reference_number_setup
CREATE TABLE IF NOT EXISTS `reference_number_setup` (
  `id` int unsigned NOT NULL AUTO_INCREMENT,
  `reference_number` int unsigned DEFAULT '0',
  PRIMARY KEY (`id`)
) ENGINE=InnoDB AUTO_INCREMENT=2 DEFAULT CHARSET=utf8mb4 COLLATE=utf8mb4_0900_ai_ci;

-- Dumping data for table model_test_db.reference_number_setup: ~0 rows (approximately)
INSERT INTO `reference_number_setup` (`id`, `reference_number`) VALUES
	(1, 1000341);

-- Dumping structure for table model_test_db.school_year
CREATE TABLE IF NOT EXISTS `school_year` (
  `id` int unsigned NOT NULL AUTO_INCREMENT,
  `code` varchar(50) NOT NULL,
  `description` varchar(50) NOT NULL,
  `school_year_from` varchar(50) CHARACTER SET utf8mb4 COLLATE utf8mb4_0900_ai_ci NOT NULL,
  `school_year_to` varchar(50) CHARACTER SET utf8mb4 COLLATE utf8mb4_0900_ai_ci NOT NULL,
  `semester` varchar(50) NOT NULL,
  `is_current` varchar(50) NOT NULL,
  PRIMARY KEY (`id`),
  UNIQUE KEY `code` (`code`)
) ENGINE=InnoDB AUTO_INCREMENT=12 DEFAULT CHARSET=utf8mb4 COLLATE=utf8mb4_0900_ai_ci;

-- Dumping data for table model_test_db.school_year: ~2 rows (approximately)
INSERT INTO `school_year` (`id`, `code`, `description`, `school_year_from`, `school_year_to`, `semester`, `is_current`) VALUES
	(9, '2023-2024-1', 'SY 2023-2024, 1ST Semester', '12-06-2023', '12-13-2023', '1', 'Yes'),
	(10, '2023-2024-2', 'SY 2023-2024, 2nd Semester', '01-01-2024', '01-31-2024', '2', 'No'),
	(11, '2023-2024-3', 'SY 2023-2024-3', '02-01-2024', '02-29-2024', '3', 'No');

-- Dumping structure for table model_test_db.sections
CREATE TABLE IF NOT EXISTS `sections` (
  `id` int unsigned NOT NULL DEFAULT '0',
  `unique_id` varchar(255) NOT NULL,
  `section_code` varchar(255) NOT NULL,
  `course` varchar(50) NOT NULL DEFAULT '0',
  `year_level` int NOT NULL DEFAULT '0',
  `section` varchar(255) CHARACTER SET utf8mb4 COLLATE utf8mb4_0900_ai_ci NOT NULL,
  `semester` varchar(255) NOT NULL,
  `number_of_students` int NOT NULL,
  `max_number_of_students` int NOT NULL,
  `status` varchar(255) CHARACTER SET utf8mb4 COLLATE utf8mb4_0900_ai_ci NOT NULL,
  `remarks` varchar(255) CHARACTER SET utf8mb4 COLLATE utf8mb4_0900_ai_ci NOT NULL,
  PRIMARY KEY (`id`),
  UNIQUE KEY `unique_id` (`unique_id`)
) ENGINE=InnoDB DEFAULT CHARSET=utf8mb4 COLLATE=utf8mb4_0900_ai_ci;

-- Dumping data for table model_test_db.sections: ~4 rows (approximately)
INSERT INTO `sections` (`id`, `unique_id`, `section_code`, `course`, `year_level`, `section`, `semester`, `number_of_students`, `max_number_of_students`, `status`, `remarks`) VALUES
	(0, 'BSCOE-1-ABSCOE11', 'BSCOE-1-A', 'BSCOE', 1, 'A', '1', 0, 50, 'Available', 'Regular'),
	(41, 'BSPT-1-ABSPT11', 'BSPT-1-A', 'BSPT', 1, 'A', '1', 17, 50, 'Available', 'Regular'),
	(42, 'BSPT-1-BBSPT11', 'BSPT-1-B', 'BSPT', 1, 'B', '1', 0, 50, 'Available', 'Regular'),
	(43, 'BSRT-1-ABSRT11', 'BSRT-1-A', 'BSRT', 1, 'A', '1', 1, 50, 'Available', 'Regular');

-- Dumping structure for table model_test_db.section_subjects
CREATE TABLE IF NOT EXISTS `section_subjects` (
  `id` int unsigned NOT NULL AUTO_INCREMENT,
  `unique_id` varchar(50) CHARACTER SET utf8mb4 COLLATE utf8mb4_0900_ai_ci DEFAULT '0',
  `section_code` varchar(50) CHARACTER SET utf8mb4 COLLATE utf8mb4_0900_ai_ci DEFAULT NULL,
  `year_level` varchar(50) CHARACTER SET utf8mb4 COLLATE utf8mb4_0900_ai_ci DEFAULT NULL,
  `semester` varchar(50) CHARACTER SET utf8mb4 COLLATE utf8mb4_0900_ai_ci DEFAULT NULL,
  `subject_code` varchar(50) NOT NULL,
  `descriptive_title` varchar(300) CHARACTER SET utf8mb4 COLLATE utf8mb4_0900_ai_ci NOT NULL DEFAULT '',
  `total_units` decimal(2,1) NOT NULL DEFAULT '0.0',
  `lecture_units` decimal(2,1) NOT NULL DEFAULT '0.0',
  `lab_units` decimal(2,1) NOT NULL DEFAULT '0.0',
  `pre_requisite` varchar(50) NOT NULL,
  `time` varchar(50) CHARACTER SET utf8mb4 COLLATE utf8mb4_0900_ai_ci DEFAULT NULL,
  `day` varchar(50) CHARACTER SET utf8mb4 COLLATE utf8mb4_0900_ai_ci DEFAULT NULL,
  `room` varchar(50) CHARACTER SET utf8mb4 COLLATE utf8mb4_0900_ai_ci DEFAULT NULL,
  `instructor` varchar(50) CHARACTER SET utf8mb4 COLLATE utf8mb4_0900_ai_ci DEFAULT NULL,
  PRIMARY KEY (`id`),
  UNIQUE KEY `unique_id` (`unique_id`),
  KEY `section_code_id` (`section_code`) USING BTREE
) ENGINE=InnoDB AUTO_INCREMENT=304 DEFAULT CHARSET=utf8mb4 COLLATE=utf8mb4_0900_ai_ci;

-- Dumping data for table model_test_db.section_subjects: ~0 rows (approximately)
INSERT INTO `section_subjects` (`id`, `unique_id`, `section_code`, `year_level`, `semester`, `subject_code`, `descriptive_title`, `total_units`, `lecture_units`, `lab_units`, `pre_requisite`, `time`, `day`, `room`, `instructor`) VALUES
	(263, 'BSCOE-1-ABSCOE11GEC 1', 'BSCOE-1-A', '1', '1', 'GEC 1', 'Mathematics in the Modern World', 3.0, 3.0, 0.0, 'None', 'Not Set', 'Not Set', 'Not Set', 'Not Set'),
	(264, 'BSCOE-1-ABSCOE11GEC 7', 'BSCOE-1-A', '1', '1', 'GEC 7', 'Science, Technology and Society', 3.0, 3.0, 0.0, 'None', 'Not Set', 'Not Set', 'Not Set', 'Not Set'),
	(265, 'BSCOE-1-ABSCOE11MATH 1', 'BSCOE-1-A', '1', '1', 'MATH 1', 'Calculus 1', 3.0, 3.0, 0.0, 'None', 'Not Set', 'Not Set', 'Not Set', 'Not Set'),
	(266, 'BSCOE-1-ABSCOE11NS 1', 'BSCOE-1-A', '1', '1', 'NS 1', 'Chemistry for Engineers', 4.0, 3.0, 1.0, 'None', 'Not Set', 'Not Set', 'Not Set', 'Not Set'),
	(267, 'BSCOE-1-ABSCOE11CPE 1', 'BSCOE-1-A', '1', '1', 'CPE 1', 'Programming Logic and Design', 2.0, 0.0, 2.0, 'None', 'Not Set', 'Not Set', 'Not Set', 'Not Set'),
	(268, 'BSCOE-1-ABSCOE11CPE 2', 'BSCOE-1-A', '1', '1', 'CPE 2', 'Computer Engineering as a Discipline', 1.0, 1.0, 0.0, 'None', 'Not Set', 'Not Set', 'Not Set', 'Not Set'),
	(269, 'BSCOE-1-ABSCOE11PE 1', 'BSCOE-1-A', '1', '1', 'PE 1', 'Physical Education 1', 2.0, 2.0, 0.0, 'None', 'Not Set', 'Not Set', 'Not Set', 'Not Set'),
	(270, 'BSCOE-1-ABSCOE11NSTP 1', 'BSCOE-1-A', '1', '1', 'NSTP 1', 'National Service Training Program 1', 3.0, 3.0, 0.0, 'None', 'Not Set', 'Not Set', 'Not Set', 'Not Set'),
	(271, 'BSCOE-1-ABSCOE11MATH 100', 'BSCOE-1-A', '1', '1', 'MATH 100', 'Trigonometry w/ Analytic Geometry', 3.0, 3.0, 0.0, 'None', 'Not Set', 'Not Set', 'Not Set', 'Not Set'),
	(272, 'BSCOE-1-ABSCOE11NAT Sci 1', 'BSCOE-1-A', '1', '1', 'NAT Sci 1', 'College Physics', 5.0, 3.0, 2.0, 'NONE', 'Not Set', 'Not Set', 'Not Set', 'Not Set'),
	(273, 'BSCOE-1-ABSCOE11MSCED 201', 'BSCOE-1-A', '1', '1', 'MSCED 201', 'Advisorship Time 1', 0.0, 0.0, 0.0, 'None', 'Not Set', 'Not Set', 'Not Set', 'Not Set'),
	(274, 'BSPT-1-ABSPT11GEC 1', 'BSPT-1-A', '1', '1', 'GEC 1', 'Understanding the Self love', 3.0, 3.0, 0.0, 'None', 'Not Set', 'Not Set', 'Not Set', 'Not Set'),
	(275, 'BSPT-1-ABSPT11GEC 8', 'BSPT-1-A', '1', '1', 'GEC 8', 'Ethics', 3.0, 3.0, 0.0, 'None', 'Not Set', 'Not Set', 'Not Set', 'Not Set'),
	(276, 'BSPT-1-ABSPT11GEC 7', 'BSPT-1-A', '1', '1', 'GEC 7', 'Science, Technology and Society', 3.0, 3.0, 0.0, 'None', 'Not Set', 'Not Set', 'Not Set', 'Not Set'),
	(277, 'BSPT-1-ABSPT11GEC 5', 'BSPT-1-A', '1', '1', 'GEC 5', 'Purposive Communication', 3.0, 3.0, 0.0, 'None', 'Not Set', 'Not Set', 'Not Set', 'Not Set'),
	(278, 'BSPT-1-ABSPT11PE 1', 'BSPT-1-A', '1', '1', 'PE 1', 'Physical Education 1 (wellness & fitness)', 2.0, 2.0, 0.0, 'None', 'Not Set', 'Not Set', 'Not Set', 'Not Set'),
	(279, 'BSPT-1-ABSPT11NSTP 1', 'BSPT-1-A', '1', '1', 'NSTP 1', 'National Service Training Program 1', 3.0, 3.0, 0.0, 'None', 'Not Set', 'Not Set', 'Not Set', 'Not Set'),
	(280, 'BSPT-1-ABSPT11FIL 1', 'BSPT-1-A', '1', '1', 'FIL 1', 'Panitikang Filipino', 3.0, 3.0, 0.0, 'None', 'Not Set', 'Not Set', 'Not Set', 'Not Set'),
	(281, 'BSPT-1-ABSPT11MT 100', 'BSPT-1-A', '1', '1', 'MT 100', 'Medical Terminology', 3.0, 3.0, 0.0, 'None', 'Not Set', 'Not Set', 'Not Set', 'Not Set'),
	(282, 'BSPT-1-ABSPT11NAT SCI 2', 'BSPT-1-A', '1', '1', 'NAT SCI 2', 'Zoology', 5.0, 3.0, 2.0, 'None', 'Not Set', 'Not Set', 'Not Set', 'Not Set'),
	(283, 'BSPT-1-ABSPT11MSCED 201', 'BSPT-1-A', '1', '1', 'MSCED 201', 'Advisorship Time 1', 0.0, 0.0, 0.0, 'None', 'Not Set', 'Not Set', 'Not Set', 'Not Set'),
	(284, 'BSPT-1-BBSPT11GEC 1', 'BSPT-1-B', '1', '1', 'GEC 1', 'Understanding the Self love', 3.0, 3.0, 0.0, 'None', 'Not Set', 'Not Set', 'Not Set', 'Not Set'),
	(285, 'BSPT-1-BBSPT11GEC 8', 'BSPT-1-B', '1', '1', 'GEC 8', 'Ethics', 3.0, 3.0, 0.0, 'None', 'Not Set', 'Not Set', 'Not Set', 'Not Set'),
	(286, 'BSPT-1-BBSPT11GEC 7', 'BSPT-1-B', '1', '1', 'GEC 7', 'Science, Technology and Society', 3.0, 3.0, 0.0, 'None', 'Not Set', 'Not Set', 'Not Set', 'Not Set'),
	(287, 'BSPT-1-BBSPT11GEC 5', 'BSPT-1-B', '1', '1', 'GEC 5', 'Purposive Communication', 3.0, 3.0, 0.0, 'None', 'Not Set', 'Not Set', 'Not Set', 'Not Set'),
	(288, 'BSPT-1-BBSPT11PE 1', 'BSPT-1-B', '1', '1', 'PE 1', 'Physical Education 1 (wellness & fitness)', 2.0, 2.0, 0.0, 'None', 'Not Set', 'Not Set', 'Not Set', 'Not Set'),
	(289, 'BSPT-1-BBSPT11NSTP 1', 'BSPT-1-B', '1', '1', 'NSTP 1', 'National Service Training Program 1', 3.0, 3.0, 0.0, 'None', 'Not Set', 'Not Set', 'Not Set', 'Not Set'),
	(290, 'BSPT-1-BBSPT11FIL 1', 'BSPT-1-B', '1', '1', 'FIL 1', 'Panitikang Filipino', 3.0, 3.0, 0.0, 'None', 'Not Set', 'Not Set', 'Not Set', 'Not Set'),
	(291, 'BSPT-1-BBSPT11MT 100', 'BSPT-1-B', '1', '1', 'MT 100', 'Medical Terminology', 3.0, 3.0, 0.0, 'None', 'Not Set', 'Not Set', 'Not Set', 'Not Set'),
	(292, 'BSPT-1-BBSPT11NAT SCI 2', 'BSPT-1-B', '1', '1', 'NAT SCI 2', 'Zoology', 5.0, 3.0, 2.0, 'None', 'Not Set', 'Not Set', 'Not Set', 'Not Set'),
	(293, 'BSPT-1-BBSPT11MSCED 201', 'BSPT-1-B', '1', '1', 'MSCED 201', 'Advisorship Time 1', 0.0, 0.0, 0.0, 'None', 'Not Set', 'Not Set', 'Not Set', 'Not Set'),
	(294, 'BSRT-1-ABSRT11GEC 1', 'BSRT-1-A', '1', '1', 'GEC 1', 'Understanding the Self', 3.0, 3.0, 0.0, 'None', 'Not Set', 'Not Set', 'Not Set', 'Not Set'),
	(295, 'BSRT-1-ABSRT11GEC 2', 'BSRT-1-A', '1', '1', 'GEC 2', 'Readings in Philippine History ', 3.0, 3.0, 0.0, 'None', 'Not Set', 'Not Set', 'Not Set', 'Not Set'),
	(296, 'BSRT-1-ABSRT11GEC 3', 'BSRT-1-A', '1', '1', 'GEC 3', 'The Contemporary World', 3.0, 3.0, 0.0, 'None', 'Not Set', 'Not Set', 'Not Set', 'Not Set'),
	(297, 'BSRT-1-ABSRT11GEC 7', 'BSRT-1-A', '1', '1', 'GEC 7', 'Science, Technology and Society', 3.0, 3.0, 0.0, 'None', 'Not Set', 'Not Set', 'Not Set', 'Not Set'),
	(298, 'BSRT-1-ABSRT11GEC 5', 'BSRT-1-A', '1', '1', 'GEC 5', 'Purposive Communication', 3.0, 3.0, 0.0, 'None', 'Not Set', 'Not Set', 'Not Set', 'Not Set'),
	(299, 'BSRT-1-ABSRT11RT 100', 'BSRT-1-A', '1', '1', 'RT 100', 'Introduction to Radiologic Technology and Health Care', 3.0, 3.0, 0.0, 'None', 'Not Set', 'Not Set', 'Not Set', 'Not Set'),
	(300, 'BSRT-1-ABSRT11PATHFit 1', 'BSRT-1-A', '1', '1', 'PATHFit 1', 'Physical Activities Towards Health & Fitness: Movement Competency Training', 2.0, 2.0, 0.0, 'None', 'Not Set', 'Not Set', 'Not Set', 'Not Set'),
	(301, 'BSRT-1-ABSRT11NSTP 1', 'BSRT-1-A', '1', '1', 'NSTP 1', 'National Service Training Program 1', 3.0, 3.0, 0.0, 'None', 'Not Set', 'Not Set', 'Not Set', 'Not Set'),
	(302, 'BSRT-1-ABSRT11MSCED 201', 'BSRT-1-A', '1', '1', 'MSCED 201', 'Advisorship Program 1', 0.0, 0.0, 0.0, 'None', 'Not Set', 'Not Set', 'Not Set', 'Not Set');

-- Dumping structure for table model_test_db.statements_of_accounts
CREATE TABLE IF NOT EXISTS `statements_of_accounts` (
  `id` int unsigned NOT NULL AUTO_INCREMENT,
  `id_number_id` varchar(50) CHARACTER SET utf8mb4 COLLATE utf8mb4_0900_ai_ci NOT NULL,
  `school_year_id` varchar(50) CHARACTER SET utf8mb4 COLLATE utf8mb4_0900_ai_ci NOT NULL,
  `date` varchar(50) NOT NULL,
  `course_id` varchar(50) CHARACTER SET utf8mb4 COLLATE utf8mb4_0900_ai_ci NOT NULL,
  `year_level` varchar(50) NOT NULL,
  `semester` varchar(50) NOT NULL,
  `reference_no` varchar(50) NOT NULL DEFAULT '0',
  `particulars` text CHARACTER SET utf8mb4 COLLATE utf8mb4_0900_ai_ci NOT NULL,
  `debit` decimal(20,2) NOT NULL DEFAULT '0.00',
  `credit` decimal(20,2) NOT NULL DEFAULT '0.00',
  `balance` decimal(20,2) NOT NULL DEFAULT '0.00',
  `cashier_in_charge` varchar(100) NOT NULL,
  PRIMARY KEY (`id`),
  UNIQUE KEY `reference_no` (`reference_no`)
) ENGINE=InnoDB AUTO_INCREMENT=106 DEFAULT CHARSET=utf8mb4 COLLATE=utf8mb4_0900_ai_ci;

-- Dumping data for table model_test_db.statements_of_accounts: ~0 rows (approximately)
INSERT INTO `statements_of_accounts` (`id`, `id_number_id`, `school_year_id`, `date`, `course_id`, `year_level`, `semester`, `reference_no`, `particulars`, `debit`, `credit`, `balance`, `cashier_in_charge`) VALUES
	(101, '171', '9', '02-06-2024', '12', '1', '1', '1000337', 'Total Assessment as of: 2023-2024-1', 10930.71, 0.00, 10930.71, ''),
	(102, '171', '9', '02-06-2024', '12', '1', '1', '1000338', '100% DISCOUNT TUITION AND MISCELLANEOUS', 10930.71, 8427.12, 2503.59, ''),
	(103, '172', '9', '02-06-2024', '13', '1', '1', '1000339', 'Total Assessment as of: 2023-2024-1', 10930.71, 0.00, 10930.71, ''),
	(104, '172', '9', '02-06-2024', '13', '1', '1', '1000340', '100% DISCOUNT TUITION AND MISCELLANEOUS', 10930.71, 8427.12, 2503.59, ''),
	(105, '173', '9', '02-06-2024', '13', '1', '1', '1000341', 'Total Assessment as of: 2023-2024-1', 9712.35, 0.00, 9712.35, '');

-- Dumping structure for table model_test_db.student_accounts
CREATE TABLE IF NOT EXISTS `student_accounts` (
  `id` bigint unsigned NOT NULL AUTO_INCREMENT,
  `id_number` varchar(50) NOT NULL DEFAULT '',
  `sy_enrolled` varchar(50) NOT NULL DEFAULT '',
  `school_year` varchar(50) CHARACTER SET utf8mb4 COLLATE utf8mb4_0900_ai_ci NOT NULL DEFAULT '',
  `fullname` varchar(100) NOT NULL,
  `last_name` varchar(50) NOT NULL,
  `first_name` varchar(50) NOT NULL,
  `middle_name` varchar(50) NOT NULL,
  `gender` varchar(50) NOT NULL,
  `civil_status` varchar(50) NOT NULL,
  `date_of_birth` varchar(50) NOT NULL,
  `place_of_birth` varchar(50) NOT NULL,
  `nationality` varchar(50) NOT NULL,
  `religion` varchar(50) NOT NULL,
  `status` varchar(50) NOT NULL,
  `contact_no` varchar(50) NOT NULL,
  `email` varchar(50) NOT NULL,
  `elem` varchar(50) NOT NULL,
  `jhs` varchar(50) NOT NULL,
  `shs` varchar(50) NOT NULL,
  `elem_year` varchar(50) CHARACTER SET utf8mb4 COLLATE utf8mb4_0900_ai_ci NOT NULL,
  `jhs_year` varchar(50) CHARACTER SET utf8mb4 COLLATE utf8mb4_0900_ai_ci NOT NULL,
  `shs_year` varchar(50) CHARACTER SET utf8mb4 COLLATE utf8mb4_0900_ai_ci NOT NULL,
  `mother_name` varchar(50) CHARACTER SET utf8mb4 COLLATE utf8mb4_0900_ai_ci NOT NULL,
  `mother_no` varchar(50) NOT NULL,
  `father_name` varchar(50) CHARACTER SET utf8mb4 COLLATE utf8mb4_0900_ai_ci NOT NULL,
  `father_no` varchar(50) CHARACTER SET utf8mb4 COLLATE utf8mb4_0900_ai_ci NOT NULL,
  `home_address` varchar(50) NOT NULL,
  `m_occupation` varchar(50) NOT NULL,
  `f_occupation` varchar(50) NOT NULL,
  `type_of_student` varchar(50) NOT NULL,
  `date_of_admission` varchar(50) NOT NULL,
  PRIMARY KEY (`id`),
  UNIQUE KEY `id_number` (`id_number`),
  UNIQUE KEY `fullname` (`fullname`)
) ENGINE=InnoDB AUTO_INCREMENT=175 DEFAULT CHARSET=utf8mb4 COLLATE=utf8mb4_0900_ai_ci;

-- Dumping data for table model_test_db.student_accounts: ~0 rows (approximately)

-- Dumping structure for table model_test_db.student_assessment
CREATE TABLE IF NOT EXISTS `student_assessment` (
  `id` int unsigned NOT NULL AUTO_INCREMENT,
  `id_number_id` varchar(50) CHARACTER SET utf8mb4 COLLATE utf8mb4_0900_ai_ci NOT NULL,
  `school_year_id` varchar(50) CHARACTER SET utf8mb4 COLLATE utf8mb4_0900_ai_ci NOT NULL,
  `fee_type` varchar(50) NOT NULL,
  `amount` decimal(20,2) NOT NULL DEFAULT '0.00',
  `units` decimal(20,2) NOT NULL DEFAULT '0.00',
  `computation` decimal(20,2) NOT NULL DEFAULT '0.00',
  PRIMARY KEY (`id`)
) ENGINE=InnoDB AUTO_INCREMENT=383 DEFAULT CHARSET=utf8mb4 COLLATE=utf8mb4_0900_ai_ci;

-- Dumping data for table model_test_db.student_assessment: ~0 rows (approximately)

-- Dumping structure for table model_test_db.student_course
CREATE TABLE IF NOT EXISTS `student_course` (
  `id` int unsigned NOT NULL AUTO_INCREMENT,
  `id_number_id` varchar(50) CHARACTER SET utf8mb4 COLLATE utf8mb4_0900_ai_ci NOT NULL DEFAULT '0',
  `course_id` varchar(50) DEFAULT NULL,
  `campus_id` varchar(50) DEFAULT NULL,
  `curriculum_id` varchar(50) DEFAULT NULL,
  `year_level` varchar(50) CHARACTER SET utf8mb4 COLLATE utf8mb4_0900_ai_ci DEFAULT NULL,
  `section_id` varchar(50) DEFAULT NULL,
  `semester` int DEFAULT NULL,
  PRIMARY KEY (`id`),
  UNIQUE KEY `id_number` (`id_number_id`) USING BTREE
) ENGINE=InnoDB AUTO_INCREMENT=122 DEFAULT CHARSET=utf8mb4 COLLATE=utf8mb4_0900_ai_ci;

-- Dumping data for table model_test_db.student_course: ~0 rows (approximately)

-- Dumping structure for table model_test_db.student_discounts
CREATE TABLE IF NOT EXISTS `student_discounts` (
  `id` int unsigned NOT NULL AUTO_INCREMENT,
  `id_number_id` varchar(50) CHARACTER SET utf8mb4 COLLATE utf8mb4_0900_ai_ci NOT NULL,
  `code` varchar(50) NOT NULL,
  `discount_target` varchar(50) NOT NULL,
  `description` varchar(50) NOT NULL,
  `discount_percentage` int NOT NULL DEFAULT '0',
  PRIMARY KEY (`id`)
) ENGINE=InnoDB AUTO_INCREMENT=32 DEFAULT CHARSET=utf8mb4 COLLATE=utf8mb4_0900_ai_ci;

-- Dumping data for table model_test_db.student_discounts: ~0 rows (approximately)
INSERT INTO `student_discounts` (`id`, `id_number_id`, `code`, `discount_target`, `description`, `discount_percentage`) VALUES
	(30, '172', 'TOP 1', 'Tuition Fee', '100% DISCOUNT TUITION AND MISCELLANEOUS', 100),
	(31, '172', 'TOP 1', 'Miscellaneous Fee', '100% DISCOUNT TUITION AND MISCELLANEOUS', 100);

-- Dumping structure for table model_test_db.student_documents
CREATE TABLE IF NOT EXISTS `student_documents` (
  `id` int unsigned NOT NULL AUTO_INCREMENT,
  `student_id` varchar(50) NOT NULL,
  `document_type` varchar(50) NOT NULL,
  `location` text NOT NULL,
  PRIMARY KEY (`id`)
) ENGINE=InnoDB AUTO_INCREMENT=38 DEFAULT CHARSET=utf8mb4 COLLATE=utf8mb4_0900_ai_ci;

-- Dumping data for table model_test_db.student_documents: ~0 rows (approximately)

-- Dumping structure for table model_test_db.student_subjects
CREATE TABLE IF NOT EXISTS `student_subjects` (
  `id` int unsigned NOT NULL AUTO_INCREMENT,
  `id_number_id` varchar(50) CHARACTER SET utf8mb4 COLLATE utf8mb4_0900_ai_ci NOT NULL,
  `unique_id` varchar(50) NOT NULL DEFAULT '0',
  `school_year_id` varchar(50) CHARACTER SET utf8mb4 COLLATE utf8mb4_0900_ai_ci NOT NULL DEFAULT '0',
  `subject_code` varchar(50) NOT NULL,
  `descriptive_title` text CHARACTER SET utf8mb4 COLLATE utf8mb4_0900_ai_ci NOT NULL,
  `pre_requisite` varchar(50) NOT NULL,
  `total_units` varchar(50) NOT NULL,
  `lecture_units` varchar(50) NOT NULL,
  `lab_units` varchar(50) NOT NULL,
  `time` varchar(50) CHARACTER SET utf8mb4 COLLATE utf8mb4_0900_ai_ci DEFAULT NULL,
  `day` varchar(50) CHARACTER SET utf8mb4 COLLATE utf8mb4_0900_ai_ci DEFAULT NULL,
  `room` varchar(50) CHARACTER SET utf8mb4 COLLATE utf8mb4_0900_ai_ci DEFAULT NULL,
  `instructor_id` int DEFAULT NULL,
  `grade` int unsigned DEFAULT NULL,
  `remarks` varchar(50) CHARACTER SET utf8mb4 COLLATE utf8mb4_0900_ai_ci DEFAULT NULL,
  PRIMARY KEY (`id`),
  UNIQUE KEY `unique_id` (`unique_id`),
  KEY `instructor_id` (`instructor_id`),
  KEY `id_number_id` (`id_number_id`),
  KEY `school_year_id` (`school_year_id`)
) ENGINE=InnoDB AUTO_INCREMENT=779 DEFAULT CHARSET=utf8mb4 COLLATE=utf8mb4_0900_ai_ci;

-- Dumping data for table model_test_db.student_subjects: ~0 rows (approximately)

-- Dumping structure for table model_test_db.subjects
CREATE TABLE IF NOT EXISTS `subjects` (
  `id` bigint unsigned NOT NULL AUTO_INCREMENT,
  `semester` varchar(50) NOT NULL,
  `code` varchar(50) NOT NULL,
  `descriptive_title` text CHARACTER SET utf8mb4 COLLATE utf8mb4_0900_ai_ci NOT NULL,
  `total_units` varchar(50) NOT NULL,
  `lecture_units` varchar(50) NOT NULL,
  `lab_units` varchar(50) NOT NULL,
  `pre_requisite` varchar(50) NOT NULL,
  `total_hrs_per_week` varchar(50) NOT NULL,
  `status` varchar(50) NOT NULL,
  PRIMARY KEY (`id`),
  UNIQUE KEY `code` (`code`)
) ENGINE=InnoDB AUTO_INCREMENT=21 DEFAULT CHARSET=utf8mb4 COLLATE=utf8mb4_0900_ai_ci;

-- Dumping data for table model_test_db.subjects: ~0 rows (approximately)

-- Dumping structure for table model_test_db.tuitionfeesetup
CREATE TABLE IF NOT EXISTS `tuitionfeesetup` (
  `id` int unsigned NOT NULL AUTO_INCREMENT,
  `uid` varchar(755) NOT NULL DEFAULT '0',
  `category` varchar(255) CHARACTER SET utf8mb4 COLLATE utf8mb4_0900_ai_ci NOT NULL,
  `description` varchar(255) NOT NULL,
  `campus_id` int NOT NULL DEFAULT '0',
  `level_id` int NOT NULL DEFAULT '0',
  `year_level` varchar(255) NOT NULL,
  `semester` varchar(255) NOT NULL,
  `amount` decimal(18,2) NOT NULL DEFAULT '0.00',
  PRIMARY KEY (`id`),
  UNIQUE KEY `uid` (`uid`)
) ENGINE=InnoDB AUTO_INCREMENT=33 DEFAULT CHARSET=utf8mb4 COLLATE=utf8mb4_0900_ai_ci;

-- Dumping data for table model_test_db.tuitionfeesetup: ~0 rows (approximately)
INSERT INTO `tuitionfeesetup` (`id`, `uid`, `category`, `description`, `campus_id`, `level_id`, `year_level`, `semester`, `amount`) VALUES
	(26, 'Tuition Fee611', 'Tuition Fee', 'Tuition Fee Per Unit', 6, 7, '1', '1', 123.32),
	(27, 'Tuition Fee621', 'Tuition Fee', 'Tuition Fee Per Unit', 6, 7, '2', '1', 234.45),
	(28, 'Tuition Fee631', 'Tuition Fee', 'Tuition Fee Per Unit', 6, 7, '3', '1', 345.34),
	(29, 'Tuition Fee641', 'Tuition Fee', 'Tuition Fee Per Unit', 6, 7, '4', '1', 456.32),
	(30, 'Tuition Fee711', 'Tuition Fee', 'Tuition Fee Per Unit', 7, 7, '1', '1', 123.23),
	(31, 'Tuition Fee721', 'Tuition Fee', 'Tuition Fee Per Unit', 7, 7, '2', '1', 234.45),
	(32, 'Tuition Fee731', 'Tuition Fee', 'Tuition Fee Per Unit', 7, 7, '3', '1', 345.54);

-- Dumping structure for table model_test_db.tuition_fee_setup
CREATE TABLE IF NOT EXISTS `tuition_fee_setup` (
  `id` int unsigned NOT NULL AUTO_INCREMENT,
  `uid` varchar(750) CHARACTER SET utf8mb4 COLLATE utf8mb4_0900_ai_ci NOT NULL,
  `category` varchar(255) NOT NULL,
  `description` text,
  `campus_id` varchar(50) DEFAULT NULL,
  `level_id` varchar(50) DEFAULT NULL,
  `year_level` varchar(50) DEFAULT NULL,
  `semester` varchar(50) DEFAULT NULL,
  `amount` decimal(18,2) DEFAULT NULL,
  PRIMARY KEY (`id`),
  UNIQUE KEY `uid` (`uid`)
) ENGINE=InnoDB AUTO_INCREMENT=13 DEFAULT CHARSET=utf8mb4 COLLATE=utf8mb4_0900_ai_ci;

-- Dumping data for table model_test_db.tuition_fee_setup: ~0 rows (approximately)
INSERT INTO `tuition_fee_setup` (`id`, `uid`, `category`, `description`, `campus_id`, `level_id`, `year_level`, `semester`, `amount`) VALUES
	(11, 'Tuition Fee7TUITION FEE PER UNIT711', 'Tuition Fee', 'TUITION FEE PER UNIT', '7', '7', '1', '1', 542.12),
	(12, 'Tuition Fee6TUITION FEE PER UNIT711', 'Tuition Fee', 'TUITION FEE PER UNIT', '6', '7', '1', '1', 324.12);

-- Dumping structure for table model_test_db.users
CREATE TABLE IF NOT EXISTS `users` (
  `id` int unsigned NOT NULL AUTO_INCREMENT,
  `last_name` varchar(100) CHARACTER SET utf8mb4 COLLATE utf8mb4_0900_ai_ci NOT NULL,
  `first_name` varchar(100) NOT NULL,
  `middle_name` varchar(100) NOT NULL,
  `fullname` varchar(100) NOT NULL,
  `employee_id` varchar(100) NOT NULL,
  `email` varchar(100) NOT NULL,
  `password` varchar(100) NOT NULL,
  `department` varchar(100) NOT NULL,
  `access_level` varchar(100) NOT NULL,
  `is_add` tinyint(1) NOT NULL DEFAULT '0',
  `is_edit` tinyint(1) NOT NULL DEFAULT '0',
  `is_delete` tinyint(1) NOT NULL DEFAULT '0',
  `is_administrator` tinyint(1) NOT NULL DEFAULT '0',
  `picture` text,
  PRIMARY KEY (`id`),
  UNIQUE KEY `email` (`email`),
  UNIQUE KEY `employee_id` (`employee_id`)
) ENGINE=InnoDB AUTO_INCREMENT=10 DEFAULT CHARSET=utf8mb4 COLLATE=utf8mb4_0900_ai_ci;

-- Dumping data for table model_test_db.users: ~6 rows (approximately)
INSERT INTO `users` (`id`, `last_name`, `first_name`, `middle_name`, `fullname`, `employee_id`, `email`, `password`, `department`, `access_level`, `is_add`, `is_edit`, `is_delete`, `is_administrator`, `picture`) VALUES
	(2, 'Manglallan', 'Derrick', 'Daniel', 'Manglallan, Derrick Daniel', '353', '123', '$2a$11$DMNzmgLxhI7vHa/6FURPeO.vKvbx5tL8FJtgp.JB5kUpk3hJGNQKy', 'Finance', 'Administrator', 1, 1, 1, 1, NULL),
	(4, 'Buguina', 'Melenio', 'M', 'Buguina, Melenio M', '456', 'mbuguina@isap.edu.ph', '$2a$11$R/KM9DYyxO1MfmD.EceeUefnLihhbzxcKbycna8Z8VFu.UVBKrit2', 'Registrar', 'User', 1, 0, 0, 0, NULL),
	(5, 'Pingad', 'Airon', 'Jim', 'Pingad, Airon Jim', '465', 'apingad@isap.edu.ph', '$2a$11$UcXUgEDrguxicXmZHDc8W.j1HXpp4EsZcfyWLV68S3ABSpdp8mFy.', '', 'Finance User', 1, 0, 0, 0, NULL),
	(6, 'Alan', 'Charity', 'T', 'Alan, Charity T', '437', 'charlan@isap.edu.ph', '$2a$11$DPX8ta.xEPMBuHJf8ml6y.biLFItS0F7Oz901aewnDYleGO3DB5iu', 'Finance', 'Cashier', 1, 1, 0, 0, NULL),
	(8, 'Geron', 'Richard', 'T', 'Geron, Richard T', '656', 'rgeron@isap.edu.ph', '$2a$11$eStCGpUIIHEVBMUrXpBbZOOIWOPircEb2sZ1Ow5EJRXTAkIv3.EfC', 'Finance', 'Student Accounts', 1, 1, 1, 0, NULL),
	(9, 'Registrar', 'Administrator', '', 'Registrar, Administrator ', '333', 'reg.admin', '$2a$11$EaQYzygq2nVZEQfOkFtOteQYy8u85vBkOLWNq.TvM3SG7yWqDIQQK', 'Registrar', 'Administrator', 1, 1, 1, 1, NULL);

/*!40103 SET TIME_ZONE=IFNULL(@OLD_TIME_ZONE, 'system') */;
/*!40101 SET SQL_MODE=IFNULL(@OLD_SQL_MODE, '') */;
/*!40014 SET FOREIGN_KEY_CHECKS=IFNULL(@OLD_FOREIGN_KEY_CHECKS, 1) */;
/*!40101 SET CHARACTER_SET_CLIENT=@OLD_CHARACTER_SET_CLIENT */;
/*!40111 SET SQL_NOTES=IFNULL(@OLD_SQL_NOTES, 1) */;
